HGVS	DRUG	CITATIONS	SUSC
1.TK.c.1064del	ACV	2	R
1.TK.c.1064del	CDV	2	H
1.TK.c.1064del	GCV	1	R
1.TK.c.1064del	PCV	1	R
1.TK.c.1064insC	ACV	1	R
1.TK.c.1064insC	BVDU	1	R
1.TK.c.1064insC	PCV	1	R
1.TK.c.1065del	ACV	2	R
1.TK.c.1065del	BVDU	1	?
1.TK.c.1065del	GCV	1	R
1.TK.c.1065del	PCV	1	?
1.TK.c.1120del	ACV	1	R
1.TK.c.1120del	BVDU	1	R
1.TK.c.1120del	PCV	1	S
1.TK.c.183delG	ACV	1	R
1.TK.c.187del	ACV	2	R
1.TK.c.227del	ACV	1	R
1.TK.c.277del	ACV	1	R
1.TK.c.277insG	ACV	1	?
1.TK.c.340-835del	ACV	1	R
1.TK.c.340-835del	CDV	1	H
1.TK.c.373del	ACV	1	R
1.TK.c.373del	GCV	1	R
1.TK.c.373del	PCV	1	R
1.TK.c.389insAT	ACV	1	R
1.TK.c.436del	ACV	4	R
1.TK.c.436del	GCV	1	R
1.TK.c.436del	PCV	1	R
1.TK.c.436insG	ACV	15	R
1.TK.c.436insG	BVDU	3	R
1.TK.c.436insG	GCV	2	R
1.TK.c.436insG	PCV	4	R
1.TK.c.436insGG	ACV	2	R
1.TK.c.439del	ACV	1	R
1.TK.c.439insG	ACV	1	R
1.TK.c.439insGG	ACV	1	R
1.TK.c.464del	ACV	4	R
1.TK.c.464del	BVDU	1	R
1.TK.c.464del	PCV	1	R
1.TK.c.553del	ACV	8	R
1.TK.c.553del	BVDU	2	R
1.TK.c.553del	CDV	1	H
1.TK.c.553del	GCV	2	R
1.TK.c.553del	PCV	4	R
1.TK.c.553delC	ACV	1	R
1.TK.c.553insC	ACV	6	R
1.TK.c.553insC	BVDU	2	R
1.TK.c.553insC	GCV	2	R
1.TK.c.553insC	PCV	3	R
1.TK.c.619del	ACV	2	R
1.TK.c.619del	GCV	2	R
1.TK.c.619del	PCV	1	R
1.TK.c.669del	ACV	3	R
1.TK.c.669del	BVDU	1	R
1.TK.c.669del	PCV	1	R
1.TK.c.753-754del	ACV	1	R
1.TK.c.775insT	ACV	1	R
1.TK.c.781-793del	ACV	1	R
1.TK.c.819del	ACV	1	R
1.TK.c.856del	ACV	2	R
1.TK.c.856del	BVDU	1	R
1.TK.c.856del	GCV	2	R
1.TK.c.856del	PCV	2	R
1.TK.c.880del	ACV	1	R
1.TK.c.900del	ACV	4	R
1.TK.c.999del	ACV	1	R
1.TK.c.999del	GCV	1	R
1.TK.c.999del	PCV	1	R
1.TK.p.173del	BVDU	1	R
1.TK.p.194del	ACV	1	?
1.TK.p.194del	GCV	1	?
1.TK.p.35del	ACV	1	S
1.TK.p.36del	ACV	2	S*
1.TK.p.36del	GCV	1	?
1.TK.p.66del	ACV	1	?
1.TK.p.A118V	ACV	2	S
1.TK.p.A118V	BVDU	1	S
1.TK.p.A118V	PCV	1	S
1.TK.p.A12P	ACV	1	S
1.TK.p.A12T	ACV	1	S
1.TK.p.A133V	ACV	1	S
1.TK.p.A136N	ACV	1	S
1.TK.p.A137T	ACV	1	S
1.TK.p.A140V	ACV	1	S
1.TK.p.A156P	ACV	1	S
1.TK.p.A156T	ACV	1	S
1.TK.p.A156V	ACV	2	?
1.TK.p.A156V	BVDU	2	?
1.TK.p.A156V	PCV	1	R
1.TK.p.A167T	ACV	1	R*
1.TK.p.A167T	GCV	1	R*
1.TK.p.A167V	ACV	1	R
1.TK.p.A167V	GCV	1	R
1.TK.p.A167V	PCV	1	R
1.TK.p.A168T	ACV	2	S
1.TK.p.A168T	BVDU	3	R
1.TK.p.A168T	GCV	1	S
1.TK.p.A168T	PCV	1	S
1.TK.p.A174P	ACV	1	R
1.TK.p.A174P	BVDU	1	R
1.TK.p.A174P	PCV	1	R
1.TK.p.A175V	ACV	3	R
1.TK.p.A17V	ACV	1	S
1.TK.p.A189V	ACV	5	R
1.TK.p.A189V	BVDU	1	R
1.TK.p.A189V	GCV	3	R
1.TK.p.A189V	PCV	2	R
1.TK.p.A192V	ACV	9	S
1.TK.p.A192V	BVDU	1	S
1.TK.p.A192V	GCV	1	S
1.TK.p.A192V	PCV	1	S
1.TK.p.A207P	ACV	2	R
1.TK.p.A207S	ACV	1	S
1.TK.p.A218T	ACV	1	R
1.TK.p.A233S	ACV	1	S
1.TK.p.A243S	ACV	3	S
1.TK.p.A265T	ACV	17	S
1.TK.p.A265T	BVDU	4	S
1.TK.p.A265T	GCV	6	S
1.TK.p.A265T	PCV	6	S
1.TK.p.A272T	ACV	2	S
1.TK.p.A28V	ACV	1	S
1.TK.p.A294V	ACV	2	S
1.TK.p.A299S	ACV	1	S
1.TK.p.A309V	ACV	1	S
1.TK.p.A316S	ACV	1	S
1.TK.p.A316V	ACV	1	S
1.TK.p.A334T	ACV	1	S
1.TK.p.A365T	ACV	1	R
1.TK.p.A365V	ACV	1	S
1.TK.p.A369V	ACV	1	S
1.TK.p.A375T	ACV	1	S
1.TK.p.A37V	ACV	1	S
1.TK.p.A748V	ACV	1	S
1.TK.p.A93V	ACV	2	R
1.TK.p.A93V	BVDU	2	?
1.TK.p.A93V	PCV	1	?
1.TK.p.A98T	ACV	1	S
1.TK.p.C336*	ACV	1	R
1.TK.p.C336Y	ACV	11	R
1.TK.p.C336Y	BVDU	3	R
1.TK.p.C336Y	CDV	1	H
1.TK.p.C336Y	GCV	1	R
1.TK.p.C6G	ACV	15	S
1.TK.p.C6G	BVDU	2	S
1.TK.p.C6G	GCV	1	S
1.TK.p.C6G	PCV	2	S
1.TK.p.D14H	ACV	1	S
1.TK.p.D14V	ACV	1	S
1.TK.p.D14Y	ACV	3	S
1.TK.p.D162A	ACV	2	R
1.TK.p.D162N	ACV	1	R
1.TK.p.D211Y	ACV	1	S
1.TK.p.D215A	ACV	1	S
1.TK.p.D215H	ACV	1	S
1.TK.p.D215N	ACV	1	S
1.TK.p.D258N	ACV	2	S
1.TK.p.D258N	GCV	1	S
1.TK.p.D286E	ACV	12	S
1.TK.p.D286E	BVDU	2	S
1.TK.p.D286E	GCV	2	S
1.TK.p.D286E	PCV	3	S
1.TK.p.D286V	ACV	1	S
1.TK.p.D303N	ACV	1	S
1.TK.p.D328E	ACV	2	S
1.TK.p.D328V	ACV	1	?
1.TK.p.D330A	ACV	1	S
1.TK.p.D338H	ACV	1	S
1.TK.p.D363N	ACV	1	S
1.TK.p.D55N	ACV	2	R
1.TK.p.D55N	CDV	1	H
1.TK.p.D55N	GCV	1	?
1.TK.p.D76E	ACV	1	S
1.TK.p.D76N	ACV	2	S
1.TK.p.D77N	ACV	1	S
1.TK.p.E111K	ACV	1	S
1.TK.p.E146G	ACV	1	S
1.TK.p.E210D	ACV	1	S
1.TK.p.E210D	GCV	1	S
1.TK.p.E225K	ACV	2	?
1.TK.p.E257K	ACV	1	R
1.TK.p.E261*	ACV	1	?
1.TK.p.E261*	BVDU	1	?
1.TK.p.E261*	GCV	1	?
1.TK.p.E261*	PCV	1	?
1.TK.p.E273K	ACV	1	S
1.TK.p.E273Q	ACV	1	S
1.TK.p.E371D	ACV	2	?
1.TK.p.E371G	ACV	1	S
1.TK.p.E374A	ACV	1	S
1.TK.p.E39K	ACV	1	S
1.TK.p.E43A	ACV	1	S
1.TK.p.E43A	BVDU	1	S
1.TK.p.E43D	BVDU	1	S
1.TK.p.E83K	ACV	4	R
1.TK.p.E83K	GCV	2	R
1.TK.p.E83K	PCV	2	R
1.TK.p.E95*	ACV	2	R
1.TK.p.E95*	GCV	2	R
1.TK.p.E95A	ACV	1	S
1.TK.p.F161L	ACV	1	S
1.TK.p.F239S	ACV	1	R
1.TK.p.F239S	BVDU	1	R
1.TK.p.F239S	GCV	1	R
1.TK.p.F239S	PCV	1	R
1.TK.p.F289S	ACV	1	?
1.TK.p.F289S	GCV	1	?
1.TK.p.G129D	ACV	1	R
1.TK.p.G129D	GCV	1	R
1.TK.p.G144R	ACV	1	?
1.TK.p.G145E	ACV	1	S
1.TK.p.G148V	ACV	1	S
1.TK.p.G148W	ACV	1	S
1.TK.p.G200C	ACV	1	R
1.TK.p.G200D	ACV	1	R
1.TK.p.G200D	GCV	1	R
1.TK.p.G200S	ACV	3	R
1.TK.p.G206R	ACV	1	?
1.TK.p.G206R	BVDU	1	?
1.TK.p.G206R	GCV	1	?
1.TK.p.G206R	PCV	1	?
1.TK.p.G21V	ACV	2	S
1.TK.p.G240E	ACV	13	S
1.TK.p.G240E	BVDU	2	S
1.TK.p.G240E	GCV	3	S
1.TK.p.G240E	PCV	2	S
1.TK.p.G251C	ACV	13	S
1.TK.p.G251C	BVDU	2	S
1.TK.p.G251C	GCV	2	S
1.TK.p.G251C	PCV	3	S
1.TK.p.G264R	ACV	1	S
1.TK.p.G264V	ACV	2	R
1.TK.p.G264V	BVDU	2	?
1.TK.p.G264V	PCV	1	?
1.TK.p.G271D	ACV	1	S
1.TK.p.G271V	BVDU	1	S
1.TK.p.G279D	ACV	2	S
1.TK.p.G279D	GCV	1	S
1.TK.p.G302S	ACV	1	S
1.TK.p.G335D	ACV	1	S
1.TK.p.G346W	ACV	1	S
1.TK.p.G373E	ACV	1	S
1.TK.p.G56D	ACV	1	R
1.TK.p.G56D	GCV	1	R
1.TK.p.G56V	ACV	1	R
1.TK.p.G59V	ACV	1	R
1.TK.p.G59W	ACV	2	R
1.TK.p.G59W	BVDU	1	?
1.TK.p.G59W	GCV	1	?
1.TK.p.G59W	PCV	1	?
1.TK.p.G61A	ACV	2	?
1.TK.p.G61A	BVDU	2	?
1.TK.p.G61A	PCV	2	?
1.TK.p.G61E	BVDU	1	R
1.TK.p.G61V	ACV	1	R
1.TK.p.H105P	ACV	2	R
1.TK.p.H142Y	ACV	1	S
1.TK.p.H151Y	ACV	2	S
1.TK.p.H283N	ACV	1	S
1.TK.p.H323N	ACV	1	S
1.TK.p.H323Y	ACV	1	S
1.TK.p.H58N	ACV	1	?
1.TK.p.H58N	BVDU	1	?
1.TK.p.H58N	PCV	1	?
1.TK.p.H58R	ACV	1	R
1.TK.p.H58R	GCV	1	R
1.TK.p.H7P	ACV	1	S
1.TK.p.I100T	ACV	1	S
1.TK.p.I143V	ACV	1	S
1.TK.p.I160V	ACV	1	S
1.TK.p.I194L	ACV	1	S
1.TK.p.I203L	ACV	1	S
1.TK.p.I214T	ACV	1	S
1.TK.p.I214T	GCV	1	S
1.TK.p.I326V	ACV	1	S
1.TK.p.I326V	BVDU	1	S
1.TK.p.I54T	ACV	1	S
1.TK.p.I78F	ACV	1	S
1.TK.p.I78F	BVDU	1	S
1.TK.p.I78F	PCV	1	S
1.TK.p.I78S	ACV	1	S
1.TK.p.I78S	GCV	1	S
1.TK.p.I97N	ACV	1	S
1.TK.p.K219T	ACV	2	S
1.TK.p.K219T	BVDU	1	S
1.TK.p.K219T	PCV	1	S
1.TK.p.K36D	ACV	1	S
1.TK.p.K36E	ACV	20	S
1.TK.p.K36E	BVDU	4	S
1.TK.p.K36E	GCV	6	S
1.TK.p.K36E	PCV	6	S
1.TK.p.K62N	ACV	3	R
1.TK.p.K908Q	ACV	1	S
1.TK.p.L139V	ACV	1	S
1.TK.p.L139V	BVDU	2	S*
1.TK.p.L139V	PCV	1	S
1.TK.p.L170P	ACV	2	R
1.TK.p.L178P	ACV	1	R
1.TK.p.L178R	ACV	1	?
1.TK.p.L178R	GCV	1	S
1.TK.p.L205S	ACV	1	R
1.TK.p.L205S	GCV	1	R
1.TK.p.L208H	ACV	1	R
1.TK.p.L208H	BVDU	1	S
1.TK.p.L208H	PCV	1	S
1.TK.p.L227F	ACV	2	R
1.TK.p.L241M	ACV	1	S
1.TK.p.L242P	ACV	1	R
1.TK.p.L249P	ACV	1	R
1.TK.p.L291P	ACV	1	R
1.TK.p.L297S	ACV	2	?
1.TK.p.L298A	BVDU	1	?
1.TK.p.L298R	ACV	1	S
1.TK.p.L298R	BVDU	1	S
1.TK.p.L298R	PCV	1	S
1.TK.p.L315S	ACV	2	R
1.TK.p.L315S	BVDU	2	R
1.TK.p.L315S	PCV	1	?
1.TK.p.L327M	ACV	2	S
1.TK.p.L327R	ACV	1	R
1.TK.p.L327R	GCV	1	S
1.TK.p.L340R	ACV	1	R
1.TK.p.L341R	ACV	1	S
1.TK.p.L364P	ACV	3	R
1.TK.p.L42P	ACV	14	S
1.TK.p.L42P	BVDU	2	S
1.TK.p.L42P	GCV	2	S
1.TK.p.L42P	PCV	3	S
1.TK.p.L50M	ACV	1	S
1.TK.p.L62I	ACV	1	R
1.TK.p.L68R	ACV	1	S
1.TK.p.L69M	ACV	1	S
1.TK.p.L72V	ACV	1	S
1.TK.p.M121K	BVDU	1	R
1.TK.p.M121L	ACV	1	?
1.TK.p.M121R	ACV	1	R
1.TK.p.M121R	BVDU	1	R
1.TK.p.M121R	PCV	1	R
1.TK.p.M231I	ACV	1	R*
1.TK.p.M231I	GCV	1	R*
1.TK.p.M322K	ACV	1	?
1.TK.p.M322K	GCV	1	?
1.TK.p.M322K	PCV	1	?
1.TK.p.M322L	ACV	3	S*
1.TK.p.M322L	GCV	1	S
1.TK.p.M367T	ACV	1	S
1.TK.p.M372V	ACV	1	S
1.TK.p.M85I	ACV	1	S
1.TK.p.N23S	ACV	21	S
1.TK.p.N23S	BVDU	4	S
1.TK.p.N23S	GCV	6	S
1.TK.p.N23S	PCV	6	S
1.TK.p.N244H	ACV	2	?
1.TK.p.N244H	BVDU	1	R*
1.TK.p.N24T	ACV	1	S
1.TK.p.N277K	ACV	1	S
1.TK.p.N277S	ACV	1	S
1.TK.p.N301S	ACV	1	S
1.TK.p.N376*	BVDU	1	R
1.TK.p.N376H	ACV	11	S
1.TK.p.N376H	BVDU	2	S
1.TK.p.N376H	GCV	2	S
1.TK.p.N376H	PCV	3	S
1.TK.p.N376P	ACV	3	S
1.TK.p.N376P	BVDU	1	S
1.TK.p.N376P	PCV	1	S
1.TK.p.N376T	ACV	2	S
1.TK.p.P131S	ACV	2	R
1.TK.p.P131S	GCV	1	R
1.TK.p.P131S	PCV	1	R
1.TK.p.P155Q	ACV	1	?
1.TK.p.P173L	ACV	2	R
1.TK.p.P173L	GCV	2	R
1.TK.p.P173L	PCV	1	R
1.TK.p.P173R	ACV	1	R
1.TK.p.P173R	CDV	1	H
1.TK.p.P268L	ACV	1	S
1.TK.p.P268M	ACV	1	S
1.TK.p.P268S	ACV	1	S
1.TK.p.P268T	ACV	14	S
1.TK.p.P268T	BVDU	2	S
1.TK.p.P268T	GCV	2	S
1.TK.p.P268T	PCV	3	S
1.TK.p.P269S	BVDU	1	S
1.TK.p.P274S	ACV	1	S
1.TK.p.P274T	ACV	2	S
1.TK.p.P280S	ACV	1	S
1.TK.p.P280T	ACV	1	S
1.TK.p.P295T	ACV	1	S
1.TK.p.P321H	ACV	1	S
1.TK.p.P321S	ACV	1	S
1.TK.p.P47S	ACV	1	S
1.TK.p.P57H	ACV	2	R
1.TK.p.P84L	ACV	2	R
1.TK.p.P84L	BVDU	1	R
1.TK.p.P84L	PCV	1	R
1.TK.p.P84S	ACV	1	R
1.TK.p.Q104*	ACV	5	R
1.TK.p.Q104*	BVDU	2	R
1.TK.p.Q104*	CDV	1	H
1.TK.p.Q104*	PCV	2	R
1.TK.p.Q104H	ACV	2	?
1.TK.p.Q109*	ACV	1	R
1.TK.p.Q109*	CDV	1	H
1.TK.p.Q109K	ACV	1	S
1.TK.p.Q125E	ACV	1	R
1.TK.p.Q125H	ACV	1	R
1.TK.p.Q125H	BVDU	1	S
1.TK.p.Q125H	GCV	1	S
1.TK.p.Q125H	PCV	1	S
1.TK.p.Q125L	ACV	1	R
1.TK.p.Q125N	ACV	1	S
1.TK.p.Q15K	BVDU	1	S
1.TK.p.Q15L	ACV	1	S
1.TK.p.Q250*	ACV	1	R
1.TK.p.Q250*	BVDU	1	R
1.TK.p.Q250*	PCV	1	R
1.TK.p.Q261R	ACV	1	S
1.TK.p.Q275P	ACV	2	S
1.TK.p.Q341*	ACV	1	R
1.TK.p.Q342*	ACV	1	R
1.TK.p.Q342*	GCV	1	R
1.TK.p.Q342H	ACV	1	S
1.TK.p.Q342K	ACV	1	S
1.TK.p.Q349R	ACV	1	S
1.TK.p.Q44*	ACV	1	R
1.TK.p.Q44*	PCV	1	S
1.TK.p.Q44H	ACV	2	S
1.TK.p.Q44H	GCV	1	S
1.TK.p.Q67R	ACV	1	S
1.TK.p.Q89R	ACV	1	S
1.TK.p.R106H	ACV	1	S
1.TK.p.R106H	BVDU	1	S
1.TK.p.R106H	PCV	1	S
1.TK.p.R163G	BVDU	1	R
1.TK.p.R163H	ACV	6	R
1.TK.p.R163H	BVDU	2	R
1.TK.p.R163H	GCV	2	R
1.TK.p.R163H	PCV	2	R*
1.TK.p.R163S	ACV	1	R
1.TK.p.R176*	ACV	1	R
1.TK.p.R176Q	ACV	7	R
1.TK.p.R176Q	BVDU	3	R
1.TK.p.R176Q	GCV	1	R
1.TK.p.R176Q	PCV	1	R
1.TK.p.R176W	ACV	2	R
1.TK.p.R176W	GCV	1	R
1.TK.p.R176W	PCV	1	R
1.TK.p.R18C	ACV	1	S
1.TK.p.R20C	BVDU	1	S
1.TK.p.R20H	ACV	1	S
1.TK.p.R20S	ACV	1	S
1.TK.p.R212K	ACV	2	?
1.TK.p.R216C	ACV	3	R
1.TK.p.R216C	GCV	1	R
1.TK.p.R216C	PCV	1	R
1.TK.p.R216H	ACV	1	R
1.TK.p.R216S	ACV	1	R
1.TK.p.R216S	GCV	1	R
1.TK.p.R216S	PCV	1	R
1.TK.p.R220C	ACV	1	?
1.TK.p.R220H	ACV	4	R
1.TK.p.R220H	BVDU	1	?
1.TK.p.R220H	GCV	2	R
1.TK.p.R220H	PCV	2	R
1.TK.p.R222C	ACV	3	R
1.TK.p.R222C	GCV	1	R
1.TK.p.R222H	ACV	2	R
1.TK.p.R222H	BVDU	1	R
1.TK.p.R222H	GCV	2	R
1.TK.p.R222H	PCV	1	R
1.TK.p.R256W	ACV	2	S*
1.TK.p.R256W	GCV	1	?
1.TK.p.R256W	PCV	1	?
1.TK.p.R26H	ACV	1	S
1.TK.p.R281*	ACV	4	R
1.TK.p.R281*	BVDU	1	?
1.TK.p.R281*	GCV	1	?
1.TK.p.R281*	PCV	1	?
1.TK.p.R281Q	ACV	4	S
1.TK.p.R293W	ACV	1	S
1.TK.p.R293W	BVDU	1	S
1.TK.p.R293W	PCV	1	S
1.TK.p.R30C	ACV	1	S
1.TK.p.R320S	ACV	1	S
1.TK.p.R32C	ACV	3	S
1.TK.p.R32H	ACV	2	S*
1.TK.p.R32H	BVDU	2	S*
1.TK.p.R32H	PCV	1	?
1.TK.p.R366C	ACV	1	S
1.TK.p.R370W	ACV	1	S
1.TK.p.R41H	ACV	13	S
1.TK.p.R41H	BVDU	3	S*
1.TK.p.R41H	GCV	2	?
1.TK.p.R41H	PCV	3	S*
1.TK.p.R51W	ACV	6	R
1.TK.p.R51W	BVDU	1	?
1.TK.p.R51W	GCV	2	R
1.TK.p.R51W	PCV	1	?
1.TK.p.R700G	ACV	1	S
1.TK.p.R75C	ACV	1	S
1.TK.p.R89H	BVDU	1	S
1.TK.p.R89Q	ACV	18	S
1.TK.p.R89Q	BVDU	4	S
1.TK.p.R89Q	GCV	6	S
1.TK.p.R89Q	PCV	5	S
1.TK.p.S150L	ACV	1	S
1.TK.p.S181N	ACV	1	?
1.TK.p.S181N	GCV	1	?
1.TK.p.S19P	ACV	1	S
1.TK.p.S19P	BVDU	1	S
1.TK.p.S19P	PCV	1	S
1.TK.p.S254*	ACV	1	R
1.TK.p.S254*	GCV	1	R
1.TK.p.S254*	PCV	1	R
1.TK.p.S263L	ACV	1	S
1.TK.p.S276G	ACV	1	S
1.TK.p.S276N	BVDU	1	S
1.TK.p.S276R	ACV	2	S
1.TK.p.S276R	BVDU	1	S
1.TK.p.S276R	PCV	1	S
1.TK.p.S276T	ACV	1	S
1.TK.p.S332P	ACV	2	S
1.TK.p.S345P	ACV	3	S
1.TK.p.S345P	BVDU	1	S
1.TK.p.S345P	GCV	1	S
1.TK.p.S345P	PCV	1	S
1.TK.p.S357C	ACV	1	S
1.TK.p.S74*	ACV	1	R
1.TK.p.S74*	BVDU	1	R
1.TK.p.S74*	PCV	1	R
1.TK.p.T103P	ACV	1	R
1.TK.p.T103P	BVDU	1	R
1.TK.p.T103P	PCV	1	R
1.TK.p.T183P	ACV	1	S
1.TK.p.T183P	BVDU	1	S
1.TK.p.T183P	GCV	1	S
1.TK.p.T183P	PCV	1	S
1.TK.p.T201P	ACV	2	R
1.TK.p.T245M	ACV	5	R
1.TK.p.T245M	BVDU	2	R
1.TK.p.T245M	CDV	1	H
1.TK.p.T245M	GCV	2	R
1.TK.p.T245M	PCV	3	R
1.TK.p.T287M	ACV	2	R
1.TK.p.T287M	BVDU	1	?
1.TK.p.T287M	CDV	1	H
1.TK.p.T287M	GCV	1	?
1.TK.p.T287M	PCV	1	?
1.TK.p.T344I	ACV	1	S
1.TK.p.T344P	ACV	1	?
1.TK.p.T344P	GCV	1	S
1.TK.p.T350I	ACV	1	S
1.TK.p.T350S	ACV	1	S
1.TK.p.T350S	BVDU	1	S
1.TK.p.T350S	PCV	1	S
1.TK.p.T63A	ACV	2	R
1.TK.p.T63A	GCV	1	R
1.TK.p.T63A	PCV	1	R
1.TK.p.T63I	ACV	2	R
1.TK.p.T65N	ACV	1	?
1.TK.p.T65P	ACV	1	R
1.TK.p.T65P	GCV	1	R
1.TK.p.T66P	ACV	1	S
1.TK.p.T96I	ACV	1	?
1.TK.p.T96I	GCV	1	S
1.TK.p.T96K	ACV	1	R
1.TK.p.T96K	GCV	1	R
1.TK.p.V138F	ACV	1	S
1.TK.p.V138I	ACV	2	S
1.TK.p.V138I	GCV	1	S
1.TK.p.V14D	ACV	1	S
1.TK.p.V14D	BVDU	1	S
1.TK.p.V14D	PCV	1	S
1.TK.p.V187M	ACV	2	R
1.TK.p.V187M	GCV	1	R
1.TK.p.V191A	ACV	1	S
1.TK.p.V192A	ACV	1	S
1.TK.p.V204G	ACV	2	R
1.TK.p.V204G	PCV	1	R
1.TK.p.V238F	BVDU	1	R
1.TK.p.V238R	ACV	1	?
1.TK.p.V238R	FOS	1	S
1.TK.p.V267L	ACV	13	S
1.TK.p.V267L	BVDU	2	S
1.TK.p.V267L	GCV	2	S
1.TK.p.V267L	PCV	3	S
1.TK.p.V348I	ACV	10	S
1.TK.p.V348I	BVDU	2	S
1.TK.p.V348I	PCV	2	S
1.TK.p.V352I	ACV	1	S
1.TK.p.V352L	ACV	1	S
1.TK.p.W259R	ACV	1	S
1.TK.p.W88G	ACV	1	?
1.TK.p.W88G	GCV	1	?
1.TK.p.Y172C	ACV	1	R
1.TK.p.Y172C	BVDU	1	R
1.TK.p.Y172C	PCV	1	R
1.TK.p.Y172S	ACV	1	R
1.TK.p.Y172S	PCV	1	R
1.TK.p.Y239S	ACV	1	?
1.TK.p.Y239S	BVDU	1	?
1.TK.p.Y239S	GCV	1	S
1.TK.p.Y239S	PCV	1	?
1.TK.p.Y248D	ACV	1	R
1.TK.p.Y305T	ACV	1	S
1.TK.p.Y4D	ACV	1	S
1.TK.p.Y53*	ACV	1	R
1.TK.p.Y53C	ACV	1	R
1.TK.p.Y53C	BVDU	1	S
1.TK.p.Y53C	PCV	1	S
1.TK.p.Y53D	ACV	2	R
1.TK.p.Y53H	ACV	2	R
1.TK.p.Y53H	BVDU	2	R
1.TK.p.Y53H	PCV	1	?
1.TK.p.Y83N	ACV	1	R
1.TK.p.Y83N	BVDU	1	R
1.TK.p.Y83N	PCV	1	R
1.UL5.p.A196T	AMN	3	S
1.UL5.p.A196T	PRI	3	S
1.UL5.p.A199T	PRI	1	?
1.UL5.p.A33T	AMN	1	S
1.UL5.p.A33T	PRI	1	S
1.UL5.p.A33V	AMN	1	S
1.UL5.p.A33V	PRI	1	S
1.UL5.p.A734V	AMN	1	S
1.UL5.p.A734V	PRI	1	S
1.UL5.p.A748T	AMN	1	S
1.UL5.p.A748T	PRI	1	S
1.UL5.p.A81T	AMN	1	S
1.UL5.p.A81T	PRI	1	S
1.UL5.p.D11H	AMN	2	S
1.UL5.p.D11H	PRI	2	S
1.UL5.p.E223K	AMN	1	S
1.UL5.p.E223K	PRI	1	S
1.UL5.p.E34K	AMN	1	S
1.UL5.p.E400A	AMN	1	R*
1.UL5.p.E400A	PRI	1	R*
1.UL5.p.E478K	AMN	1	S
1.UL5.p.E478K	PRI	1	S
1.UL5.p.E7K	AMN	2	S
1.UL5.p.E7K	PRI	2	S
1.UL5.p.E867K	AMN	1	S
1.UL5.p.E867K	PRI	1	S
1.UL5.p.G352C	AMN	2	R
1.UL5.p.G352C	PRI	2	R
1.UL5.p.G352R	PRI	3	R
1.UL5.p.G352V	AMN	1	S
1.UL5.p.G352V	PRI	2	R
1.UL5.p.G477D	AMN	1	S
1.UL5.p.H67R	AMN	5	S
1.UL5.p.H67R	PRI	5	S
1.UL5.p.I584L	AMN	1	S
1.UL5.p.I584L	PRI	1	S
1.UL5.p.K14R	AMN	3	S
1.UL5.p.K14R	PRI	4	S
1.UL5.p.K306N	AMN	1	S
1.UL5.p.K306N	PRI	1	S
1.UL5.p.K356N	AMN	2	R
1.UL5.p.K356N	PRI	3	R
1.UL5.p.K356Q	AMN	1	R
1.UL5.p.K356Q	PRI	5	R
1.UL5.p.K356T	PRI	2	R
1.UL5.p.L205S	AMN	4	S
1.UL5.p.L205S	PRI	5	S
1.UL5.p.L219M	AMN	1	S
1.UL5.p.L219M	PRI	1	S
1.UL5.p.L428F	AMN	1	S
1.UL5.p.L428F	PRI	1	S
1.UL5.p.M355I	AMN	1	R*
1.UL5.p.M355I	PRI	1	R*
1.UL5.p.M355T	AMN	1	R*
1.UL5.p.M355T	PRI	2	R*
1.UL5.p.M601I	AMN	2	S
1.UL5.p.M601I	PRI	2	S
1.UL5.p.N342K	PRI	1	R
1.UL5.p.N380S	AMN	2	S
1.UL5.p.N380S	PRI	2	S
1.UL5.p.N751D	AMN	1	S
1.UL5.p.N751D	PRI	1	S
1.UL5.p.Q22H	AMN	1	S
1.UL5.p.Q22H	PRI	1	S
1.UL5.p.Q9K	AMN	1	S
1.UL5.p.Q9K	PRI	1	S
1.UL5.p.R26P	AMN	1	S
1.UL5.p.R26P	PRI	1	S
1.UL5.p.R26Q	PRI	1	S
1.UL5.p.R588C	AMN	1	S
1.UL5.p.R588C	PRI	1	S
1.UL5.p.S341I	AMN	1	S
1.UL5.p.S481N	AMN	2	S
1.UL5.p.S481N	PRI	2	S
1.UL5.p.S592L	AMN	1	S
1.UL5.p.S592L	PRI	1	S
1.UL5.p.S866R	AMN	1	S
1.UL5.p.S866R	PRI	1	R*
1.UL5.p.T596P	AMN	1	S
1.UL5.p.T596P	PRI	1	S
1.UL5.p.V347I	AMN	3	S
1.UL5.p.V347I	PRI	3	S
1.UL5.p.V594A	AMN	2	S
1.UL5.p.V594A	PRI	2	S
1.UL5.p.V690G	AMN	4	S
1.UL5.p.V690G	PRI	5	S
1.UL5.p.V752M	AMN	1	S
1.UL5.p.V752M	PRI	1	S
1.UL5.p.V776I	AMN	1	S
1.UL5.p.V776I	PRI	1	S
1.UL5.p.Y800F	AMN	1	S
1.UL5.p.Y800F	PRI	1	S
1.UL52.p.695-696del	AMN	1	S
1.UL52.p.695-696del	PRI	1	S
1.UL52.p.695del	AMN	1	S
1.UL52.p.695del	PRI	1	S
1.UL52.p.696del	AMN	2	S
1.UL52.p.696del	PRI	2	S
1.UL52.p.A106V	AMN	1	S
1.UL52.p.A106V	PRI	1	S
1.UL52.p.A132V	AMN	1	S
1.UL52.p.A132V	PRI	1	S
1.UL52.p.A253V	AMN	1	S
1.UL52.p.A253V	PRI	1	S
1.UL52.p.A273T	AMN	1	S
1.UL52.p.A273T	PRI	1	S
1.UL52.p.A548V	AMN	1	S
1.UL52.p.A548V	PRI	1	S
1.UL52.p.A574T	AMN	1	S
1.UL52.p.A574T	PRI	1	S
1.UL52.p.A592T	AMN	1	S
1.UL52.p.A592T	PRI	1	S
1.UL52.p.A670T	AMN	2	S
1.UL52.p.A670T	PRI	2	S
1.UL52.p.A719T	AMN	1	S
1.UL52.p.A719T	PRI	1	S
1.UL52.p.A744P	AMN	1	S
1.UL52.p.A744P	PRI	1	S
1.UL52.p.A744S	AMN	1	S
1.UL52.p.A744S	PRI	1	S
1.UL52.p.A899T	PRI	1	R
1.UL52.p.A999T	AMN	1	S
1.UL52.p.A999T	PRI	1	S
1.UL52.p.D129A	AMN	1	S
1.UL52.p.D129A	PRI	1	S
1.UL52.p.D129E	AMN	3	S
1.UL52.p.D129E	PRI	3	S
1.UL52.p.D140A	AMN	2	S
1.UL52.p.D140A	PRI	2	S
1.UL52.p.D183N	AMN	1	S
1.UL52.p.D183N	PRI	1	S
1.UL52.p.D59A	AMN	1	S
1.UL52.p.D59A	PRI	1	S
1.UL52.p.D603E	AMN	1	S
1.UL52.p.D603E	PRI	1	S
1.UL52.p.D697N	AMN	1	S
1.UL52.p.D697N	PRI	1	S
1.UL52.p.D698N	AMN	1	S
1.UL52.p.D698N	PRI	1	S
1.UL52.p.D707N	AMN	1	S
1.UL52.p.D707N	PRI	1	S
1.UL52.p.D725N	AMN	1	S
1.UL52.p.D725N	PRI	1	S
1.UL52.p.D925G	AMN	2	S
1.UL52.p.D925G	PRI	2	S
1.UL52.p.E711K	AMN	1	S
1.UL52.p.E711K	PRI	1	S
1.UL52.p.E745D	AMN	1	S
1.UL52.p.E745D	PRI	1	S
1.UL52.p.E748K	AMN	2	S
1.UL52.p.E748K	PRI	2	S
1.UL52.p.E799K	AMN	1	S
1.UL52.p.E799K	PRI	1	S
1.UL52.p.E911D	AMN	1	S
1.UL52.p.E911D	PRI	1	S
1.UL52.p.F294L	AMN	1	S
1.UL52.p.F360C	AMN	1	R
1.UL52.p.F360V	AMN	1	R
1.UL52.p.F661Y	AMN	1	S
1.UL52.p.F661Y	PRI	1	S
1.UL52.p.G514D	AMN	5	S
1.UL52.p.G514D	PRI	5	S
1.UL52.p.G606W	AMN	1	S
1.UL52.p.G606W	PRI	1	S
1.UL52.p.G928E	AMN	1	S
1.UL52.p.G928E	PRI	1	S
1.UL52.p.G9R	AMN	1	S
1.UL52.p.G9R	PRI	1	S
1.UL52.p.H359Y	AMN	1	S
1.UL52.p.H359Y	PRI	1	S
1.UL52.p.H378Q	AMN	3	S
1.UL52.p.H378Q	PRI	3	S
1.UL52.p.I166V	AMN	3	S
1.UL52.p.I166V	PRI	3	S
1.UL52.p.I524V	AMN	2	S
1.UL52.p.I524V	PRI	2	S
1.UL52.p.I830S	AMN	1	S
1.UL52.p.I830S	PRI	1	S
1.UL52.p.I830T	AMN	1	S
1.UL52.p.I830T	PRI	1	S
1.UL52.p.L736R	AMN	1	S
1.UL52.p.L736R	PRI	1	S
1.UL52.p.M766V	AMN	1	S
1.UL52.p.M766V	PRI	1	S
1.UL52.p.N409H	AMN	1	S
1.UL52.p.N409H	PRI	1	S
1.UL52.p.N902T	AMN	1	R*
1.UL52.p.P278T	AMN	1	S
1.UL52.p.P278T	PRI	1	S
1.UL52.p.P515T	AMN	5	S
1.UL52.p.P515T	PRI	5	S
1.UL52.p.P832S	AMN	1	S
1.UL52.p.P832S	PRI	1	S
1.UL52.p.P924S	AMN	1	S
1.UL52.p.P924S	PRI	1	S
1.UL52.p.R328H	AMN	1	S
1.UL52.p.R328H	PRI	1	S
1.UL52.p.R474H	AMN	1	S
1.UL52.p.R474H	PRI	1	S
1.UL52.p.R585Q	AMN	1	S
1.UL52.p.R585Q	PRI	1	S
1.UL52.p.R681W	AMN	1	S
1.UL52.p.R681W	PRI	1	S
1.UL52.p.S1030N	AMN	1	S
1.UL52.p.S1030N	PRI	1	S
1.UL52.p.S364G	AMN	2	?
1.UL52.p.S364G	PRI	1	S
1.UL52.p.S385N	AMN	4	S
1.UL52.p.S385N	PRI	4	S
1.UL52.p.S689F	AMN	1	S
1.UL52.p.S689F	PRI	1	S
1.UL52.p.S877P	AMN	1	S
1.UL52.p.S877P	PRI	1	S
1.UL52.p.S966G	AMN	1	S
1.UL52.p.S966G	PRI	1	S
1.UL52.p.T145I	AMN	1	S
1.UL52.p.T145I	PRI	1	S
1.UL52.p.T338S	AMN	1	S
1.UL52.p.T338S	PRI	1	S
1.UL52.p.T445M	AMN	1	S
1.UL52.p.T445M	PRI	1	S
1.UL52.p.T488M	AMN	1	S
1.UL52.p.T488M	PRI	1	S
1.UL52.p.T492A	AMN	1	S
1.UL52.p.T492A	PRI	1	S
1.UL52.p.T873A	AMN	1	S
1.UL52.p.T873A	PRI	1	S
1.UL52.p.V211A	AMN	5	S
1.UL52.p.V211A	PRI	5	S
1.UL52.p.V637A	AMN	1	S
1.UL52.p.V637A	PRI	1	S
1.UL52.p.V976I	AMN	1	S
1.UL52.p.V976I	PRI	1	S
1.UL52.p.Y222C	AMN	1	S
1.UL52.p.Y450C	AMN	2	S
1.UL52.p.Y450C	PRI	2	S
1.pol.p.442insEFDS	ACV	1	S
1.pol.p.442insEFDS	FOS	1	?
1.pol.p.442insEFDS	GCV	1	S
1.pol.p.442insEFDS	PCV	1	S
1.pol.p.667del	ACV	1	S
1.pol.p.667del	FOS	1	S
1.pol.p.668del	ACV	1	S
1.pol.p.668del	FOS	1	S
1.pol.p.683-688del	ACV	1	S
1.pol.p.683-688del	FOS	1	S
1.pol.p.962del	ACV	1	S
1.pol.p.962del	CDV	1	S
1.pol.p.962del	FOS	1	R
1.pol.p.962del	GCV	1	S
1.pol.p.A1012V	ACV	1	S
1.pol.p.A1012V	FOS	1	S
1.pol.p.A102T	ACV	1	S
1.pol.p.A102T	FOS	1	S
1.pol.p.A1035T	CDV	1	S
1.pol.p.A1035T	FOS	1	S
1.pol.p.A1092D	ACV	1	S
1.pol.p.A1092D	FOS	1	S
1.pol.p.A1098T	ACV	1	S
1.pol.p.A1098T	FOS	1	S
1.pol.p.A1099T	ACV	2	S
1.pol.p.A1099T	BVDU	1	S
1.pol.p.A1099T	CDV	1	S
1.pol.p.A1099T	FOS	2	S
1.pol.p.A1099T	GCV	1	S
1.pol.p.A1099T	PCV	1	S
1.pol.p.A1100T	ACV	1	S
1.pol.p.A1100T	FOS	1	S
1.pol.p.A1100V	ACV	1	S
1.pol.p.A1100V	FOS	1	S
1.pol.p.A1109T	ACV	1	S
1.pol.p.A1109T	FOS	1	S
1.pol.p.A1115T	ACV	1	S
1.pol.p.A1125S	ACV	1	S
1.pol.p.A1125S	FOS	1	S
1.pol.p.A1131T	ACV	1	S
1.pol.p.A1131T	GCV	1	S
1.pol.p.A1147V	ACV	1	S
1.pol.p.A1147V	FOS	1	S
1.pol.p.A1168V	CDV	1	S
1.pol.p.A1168V	FOS	1	S
1.pol.p.A1175D	ACV	1	S
1.pol.p.A1175D	FOS	1	S
1.pol.p.A1181T	ACV	1	S
1.pol.p.A1181T	FOS	1	S
1.pol.p.A1203T	ACV	7	S
1.pol.p.A1203T	BVDU	2	S
1.pol.p.A1203T	CDV	3	S
1.pol.p.A1203T	FOS	6	S
1.pol.p.A1203T	GCV	1	S
1.pol.p.A1203T	PCV	3	S
1.pol.p.A1204S	FOS	1	S
1.pol.p.A1204T	ACV	2	S
1.pol.p.A1204T	FOS	2	S
1.pol.p.A1209T	ACV	1	S
1.pol.p.A1209T	FOS	1	S
1.pol.p.A1218S	ACV	1	S
1.pol.p.A1218S	FOS	1	S
1.pol.p.A1220V	ACV	2	S
1.pol.p.A1220V	FOS	1	S
1.pol.p.A1235T	ACV	1	S
1.pol.p.A1235T	FOS	1	S
1.pol.p.A136T	ACV	1	S
1.pol.p.A136T	ADV	1	S
1.pol.p.A136T	FOS	1	S
1.pol.p.A138V	ACV	1	S
1.pol.p.A138V	FOS	1	S
1.pol.p.A159V	ACV	1	S
1.pol.p.A159V	FOS	1	S
1.pol.p.A165T	CDV	1	R
1.pol.p.A165T	FOS	1	S
1.pol.p.A17T	ACV	1	S
1.pol.p.A17T	FOS	1	S
1.pol.p.A17V	ACV	1	S
1.pol.p.A17V	FOS	1	S
1.pol.p.A20V	CDV	1	S
1.pol.p.A20V	FOS	1	S
1.pol.p.A220T	ACV	1	S
1.pol.p.A220T	FOS	1	S
1.pol.p.A229T	CDV	1	S
1.pol.p.A229T	FOS	1	S
1.pol.p.A230V	ACV	1	S
1.pol.p.A230V	FOS	1	S
1.pol.p.A231D	ACV	1	S
1.pol.p.A231D	FOS	1	S
1.pol.p.A25V	ACV	2	S
1.pol.p.A25V	FOS	1	S
1.pol.p.A27T	CDV	1	S
1.pol.p.A27T	FOS	1	S
1.pol.p.A289D	ACV	1	S
1.pol.p.A289D	FOS	1	S
1.pol.p.A32I	ACV	1	S
1.pol.p.A32I	FOS	1	S
1.pol.p.A330R	ACV	6	S
1.pol.p.A330R	BVDU	2	S
1.pol.p.A330R	CDV	2	S
1.pol.p.A330R	FOS	6	S
1.pol.p.A330R	GCV	1	S
1.pol.p.A330R	PCV	2	S
1.pol.p.A351D	ACV	1	S
1.pol.p.A351D	FOS	1	S
1.pol.p.A428V	ACV	1	S
1.pol.p.A428V	FOS	1	S
1.pol.p.A542S	BVDU	1	S
1.pol.p.A542S	CDV	1	S
1.pol.p.A542S	FOS	1	S
1.pol.p.A542S	GCV	1	S
1.pol.p.A562T	ACV	1	S
1.pol.p.A562T	FOS	1	S
1.pol.p.A565G	ACV	1	S
1.pol.p.A565G	FOS	1	?
1.pol.p.A565G	PCV	1	S
1.pol.p.A566T	ACV	4	S
1.pol.p.A566T	BVDU	1	S
1.pol.p.A566T	CDV	2	S
1.pol.p.A566T	FOS	4	S
1.pol.p.A566T	GCV	1	S
1.pol.p.A566T	PCV	1	S
1.pol.p.A567T	ACV	1	R
1.pol.p.A567T	BVDU	1	S
1.pol.p.A567T	CDV	1	S
1.pol.p.A567T	FOS	1	S
1.pol.p.A567T	PCV	1	R
1.pol.p.A605V	ACV	5	R
1.pol.p.A605V	BVDU	1	S
1.pol.p.A605V	CDV	2	S
1.pol.p.A605V	FOS	4	R
1.pol.p.A605V	GCV	3	S
1.pol.p.A605V	PCV	3	S
1.pol.p.A645T	FOS	2	S
1.pol.p.A646T	ACV	3	S
1.pol.p.A646T	CDV	1	S
1.pol.p.A646T	FOS	4	S
1.pol.p.A719T	ACV	2	R
1.pol.p.A719T	BVDU	1	S
1.pol.p.A719T	CDV	2	S
1.pol.p.A719T	FOS	2	?
1.pol.p.A719T	GCV	1	S
1.pol.p.A719T	PCV	1	S
1.pol.p.A719V	ACV	8	R
1.pol.p.A719V	BVDU	4	S*
1.pol.p.A719V	CDV	6	S
1.pol.p.A719V	FOS	10	?
1.pol.p.A719V	GCV	4	S
1.pol.p.A719V	PCV	4	R
1.pol.p.A740S	ACV	1	S
1.pol.p.A740S	FOS	1	S
1.pol.p.A748T	FOS	1	S
1.pol.p.A748V	FOS	1	S
1.pol.p.A748V	GCV	1	S
1.pol.p.A78D	CDV	1	S
1.pol.p.A78D	FOS	1	S
1.pol.p.A78V	ACV	1	S
1.pol.p.A78V	BVDU	1	S
1.pol.p.A78V	CDV	1	S
1.pol.p.A78V	FOS	1	S
1.pol.p.A78V	PCV	1	S
1.pol.p.A834S	ACV	1	S
1.pol.p.A834S	CDV	1	H
1.pol.p.A834S	FOS	1	R
1.pol.p.A834S	GCV	1	H
1.pol.p.A834S	PCV	1	S
1.pol.p.A854T	ACV	1	S
1.pol.p.A854T	FOS	1	S
1.pol.p.A857V	ACV	1	S
1.pol.p.A857V	FOS	1	S
1.pol.p.A870G	FOS	1	S
1.pol.p.A870V	ACV	1	S
1.pol.p.A870V	FOS	1	S
1.pol.p.A874T	FOS	1	S
1.pol.p.A910T	FOS	3	R
1.pol.p.A910V	ACV	1	S
1.pol.p.A910V	CDV	1	S
1.pol.p.A910V	FOS	1	R
1.pol.p.A910V	GCV	1	S
1.pol.p.A910V	PCV	1	S
1.pol.p.A916T	ACV	1	S
1.pol.p.A916T	FOS	1	S
1.pol.p.A991T	ACV	1	?
1.pol.p.A991T	CDV	1	S
1.pol.p.A991T	FOS	1	S
1.pol.p.A991T	GCV	1	S
1.pol.p.A995T	ACV	1	S
1.pol.p.A995T	FOS	1	S
1.pol.p.C287Y	ACV	1	S
1.pol.p.C287Y	FOS	1	S
1.pol.p.D1103H	CDV	1	S
1.pol.p.D1103H	FOS	1	S
1.pol.p.D1126N	CDV	1	S
1.pol.p.D1126N	FOS	1	S
1.pol.p.D1159A	ACV	1	S
1.pol.p.D1159A	FOS	1	S
1.pol.p.D306N	ACV	1	S
1.pol.p.D306N	FOS	1	S
1.pol.p.D418N	ACV	1	S
1.pol.p.D418N	BVDU	1	S
1.pol.p.D418N	CDV	1	S
1.pol.p.D418N	FOS	1	S
1.pol.p.D418N	GCV	1	S
1.pol.p.D418N	PCV	1	S
1.pol.p.D614N	ACV	2	?
1.pol.p.D614N	FOS	2	?
1.pol.p.D630A	ACV	1	S
1.pol.p.D630A	FOS	1	S
1.pol.p.D660E	ACV	1	S
1.pol.p.D660E	FOS	1	S
1.pol.p.D671N	FOS	2	S
1.pol.p.D672N	ACV	4	?
1.pol.p.D672N	BVDU	1	R
1.pol.p.D672N	CDV	2	S
1.pol.p.D672N	FOS	6	?
1.pol.p.D672N	GCV	1	S
1.pol.p.D672N	PCV	1	R
1.pol.p.D703N	ACV	1	S
1.pol.p.D703N	FOS	1	S
1.pol.p.D72N	CDV	1	S
1.pol.p.D72N	FOS	2	S
1.pol.p.D780N	ACV	1	R
1.pol.p.D780N	CDV	1	S
1.pol.p.D780N	FOS	1	R*
1.pol.p.D907V	ACV	2	R
1.pol.p.D907V	CDV	1	S
1.pol.p.D907V	FOS	1	R*
1.pol.p.E1005K	ACV	2	S
1.pol.p.E1005K	FOS	2	S
1.pol.p.E1036K	ACV	1	S
1.pol.p.E1036K	FOS	1	S
1.pol.p.E1082K	ACV	1	S
1.pol.p.E1082K	FOS	1	S
1.pol.p.E1084K	FOS	1	S
1.pol.p.E1085D	ACV	1	S
1.pol.p.E1085D	FOS	1	S
1.pol.p.E1085K	ACV	1	S
1.pol.p.E1085K	FOS	1	S
1.pol.p.E1104D	ACV	2	S
1.pol.p.E1104D	FOS	2	S
1.pol.p.E1104K	ACV	1	S
1.pol.p.E1104K	FOS	1	S
1.pol.p.E111K	ACV	1	S
1.pol.p.E111K	FOS	1	S
1.pol.p.E1194D	ACV	1	S
1.pol.p.E1194D	FOS	1	S
1.pol.p.E226D	ACV	1	S
1.pol.p.E226D	FOS	1	S
1.pol.p.E254G	FOS	1	S
1.pol.p.E376D	ACV	1	S
1.pol.p.E376D	FOS	1	S
1.pol.p.E376G	ACV	1	S
1.pol.p.E376G	FOS	1	S
1.pol.p.E421D	ACV	1	S
1.pol.p.E421D	FOS	1	S
1.pol.p.E421V	ACV	1	S
1.pol.p.E421V	CDV	1	S
1.pol.p.E421V	FOS	2	S
1.pol.p.E597D	ACV	1	R
1.pol.p.E597K	ACV	1	R
1.pol.p.E649G	ACV	1	S
1.pol.p.E649G	FOS	1	S
1.pol.p.E659D	ACV	1	S
1.pol.p.E659D	FOS	1	S
1.pol.p.E661K	ACV	1	S
1.pol.p.E661K	FOS	1	S
1.pol.p.E662D	ACV	1	S
1.pol.p.E662D	CDV	1	S
1.pol.p.E662D	FOS	2	S
1.pol.p.E669D	ACV	1	S
1.pol.p.E669D	FOS	1	S
1.pol.p.E669G	ACV	1	S
1.pol.p.E669G	FOS	1	S
1.pol.p.E671K	FOS	1	S
1.pol.p.E673K	ACV	1	S
1.pol.p.E673K	FOS	1	S
1.pol.p.E675A	ACV	1	S
1.pol.p.E675A	FOS	1	S
1.pol.p.E675K	ACV	1	S
1.pol.p.E675K	FOS	1	S
1.pol.p.E676D	ACV	1	S
1.pol.p.E676D	FOS	1	S
1.pol.p.E676K	ACV	1	S
1.pol.p.E676K	FOS	1	S
1.pol.p.E682Q	ACV	1	S
1.pol.p.E682Q	FOS	1	S
1.pol.p.E684A	ACV	1	S
1.pol.p.E684A	FOS	1	S
1.pol.p.E684D	ACV	1	S
1.pol.p.E688K	ACV	1	S
1.pol.p.E688K	FOS	1	S
1.pol.p.E70D	ACV	2	S
1.pol.p.E70D	FOS	2	S
1.pol.p.E70K	ACV	1	S
1.pol.p.E70K	FOS	2	S
1.pol.p.E747K	ACV	1	S
1.pol.p.E747K	FOS	1	S
1.pol.p.E771Q	ACV	1	R
1.pol.p.E771Q	FOS	1	S
1.pol.p.E798K	ACV	1	R*
1.pol.p.E798K	CDV	2	H*
1.pol.p.E798K	FOS	2	R
1.pol.p.E798K	GCV	1	H
1.pol.p.E798K	PCV	1	S
1.pol.p.E860K	ACV	1	S
1.pol.p.E860K	CDV	1	S
1.pol.p.E860K	FOS	2	S
1.pol.p.E868G	FOS	1	S
1.pol.p.E992K	CDV	1	S
1.pol.p.E992K	FOS	1	S
1.pol.p.F167L	ACV	2	S
1.pol.p.F167L	FOS	2	S
1.pol.p.F171S	ACV	1	S
1.pol.p.F23I	ACV	1	S
1.pol.p.F23I	FOS	1	S
1.pol.p.F248L	ACV	1	S
1.pol.p.F248L	BVDU	1	S
1.pol.p.F248L	CDV	1	S
1.pol.p.F248L	FOS	1	S
1.pol.p.F248L	PCV	1	S
1.pol.p.F303L	ACV	1	S
1.pol.p.F303L	FOS	1	S
1.pol.p.F716L	ACV	1	R
1.pol.p.F716L	CDV	1	H
1.pol.p.F716L	FOS	1	R
1.pol.p.F716L	GCV	1	S
1.pol.p.F716L	PCV	1	R
1.pol.p.F733C	FOS	1	S
1.pol.p.F891C	ACV	2	R
1.pol.p.F891C	CDV	1	S
1.pol.p.F891C	FOS	2	R
1.pol.p.F891C	PCV	1	R
1.pol.p.G108R	ACV	1	S
1.pol.p.G108R	FOS	1	S
1.pol.p.G1129R	ACV	1	S
1.pol.p.G1129R	FOS	1	S
1.pol.p.G1129V	ACV	1	S
1.pol.p.G1129V	FOS	1	S
1.pol.p.G12E	ACV	1	S
1.pol.p.G12E	FOS	1	S
1.pol.p.G132C	ACV	1	S
1.pol.p.G132C	FOS	1	S
1.pol.p.G13V	ACV	1	S
1.pol.p.G13V	FOS	1	S
1.pol.p.G191S	FOS	1	S
1.pol.p.G200D	CDV	1	S
1.pol.p.G200D	FOS	1	S
1.pol.p.G354V	ACV	1	S
1.pol.p.G354V	FOS	1	S
1.pol.p.G355D	ACV	1	?
1.pol.p.G458S	ACV	1	S
1.pol.p.G458S	FOS	1	S
1.pol.p.G495V	ACV	1	S
1.pol.p.G495V	FOS	1	S
1.pol.p.G505D	ACV	1	S
1.pol.p.G505D	FOS	1	S
1.pol.p.G641R	ACV	1	S
1.pol.p.G641R	FOS	1	S
1.pol.p.G645D	ACV	1	S
1.pol.p.G645D	FOS	1	S
1.pol.p.G667C	ACV	1	S
1.pol.p.G667C	FOS	1	S
1.pol.p.G668E	ACV	1	S
1.pol.p.G668E	FOS	1	S
1.pol.p.G679D	ACV	2	S
1.pol.p.G679D	FOS	2	S
1.pol.p.G691S	FOS	1	S
1.pol.p.G6D	ACV	1	S
1.pol.p.G6D	FOS	1	S
1.pol.p.G741C	ACV	1	R
1.pol.p.G741C	CDV	1	S
1.pol.p.G741C	FOS	1	R
1.pol.p.G741C	GCV	1	S
1.pol.p.G741C	PCV	1	S
1.pol.p.G749D	ACV	2	S
1.pol.p.G749D	FOS	2	S
1.pol.p.G841A	FOS	1	S
1.pol.p.G841C	BVDU	1	S
1.pol.p.G841S	ACV	3	R
1.pol.p.G841S	BVDU	1	R
1.pol.p.G841S	CDV	2	S
1.pol.p.G841S	FOS	2	S*
1.pol.p.G841S	PCV	1	R
1.pol.p.G901V	ACV	1	R
1.pol.p.G906S	CDV	1	S
1.pol.p.G906S	FOS	1	S
1.pol.p.G985E	CDV	1	S
1.pol.p.G985E	FOS	1	S
1.pol.p.H1152N	ACV	1	S
1.pol.p.H1152N	FOS	1	S
1.pol.p.H168Y	CDV	1	S
1.pol.p.H168Y	FOS	1	S
1.pol.p.H386Y	BVDU	1	S
1.pol.p.H386Y	CDV	1	S
1.pol.p.H386Y	FOS	2	S
1.pol.p.H386Y	GCV	1	S
1.pol.p.H98N	ACV	1	S
1.pol.p.H98N	FOS	1	S
1.pol.p.H98Y	FOS	1	S
1.pol.p.I1028T	ACV	3	S
1.pol.p.I1028T	ADV	1	S
1.pol.p.I1028T	BVDU	1	S
1.pol.p.I1028T	CDV	3	R
1.pol.p.I1028T	FOS	3	S
1.pol.p.I1028T	GCV	1	S
1.pol.p.I1150M	ACV	1	S
1.pol.p.I1150M	FOS	1	S
1.pol.p.I182V	CDV	1	S
1.pol.p.I182V	FOS	1	?
1.pol.p.I352V	ACV	1	S
1.pol.p.I352V	FOS	1	S
1.pol.p.I810L	FOS	1	R
1.pol.p.I890M	ACV	1	R
1.pol.p.I890M	FOS	1	R
1.pol.p.I890M	GCV	1	S
1.pol.p.I922N	CDV	1	S
1.pol.p.I922N	FOS	1	R*
1.pol.p.I922T	ACV	1	S
1.pol.p.I922T	BVDU	1	H
1.pol.p.I922T	CDV	1	S
1.pol.p.I922T	FOS	1	R*
1.pol.p.I922T	GCV	1	S
1.pol.p.I922T	PCV	1	S
1.pol.p.I942L	ACV	1	S
1.pol.p.I942L	FOS	1	S
1.pol.p.I966M	ACV	1	S
1.pol.p.I966M	FOS	1	S
1.pol.p.K104Q	CDV	1	S
1.pol.p.K104Q	FOS	1	S
1.pol.p.K209T	ACV	1	S
1.pol.p.K209T	FOS	1	S
1.pol.p.K532T	ACV	1	R
1.pol.p.K57N	ACV	1	S
1.pol.p.K57N	FOS	1	S
1.pol.p.K591R	ACV	1	S
1.pol.p.K591R	FOS	1	S
1.pol.p.K652N	ACV	1	S
1.pol.p.K652N	FOS	1	S
1.pol.p.K805Q	ACV	1	S
1.pol.p.K805Q	CDV	1	S
1.pol.p.K805Q	FOS	1	H
1.pol.p.K908N	ACV	1	S
1.pol.p.K908N	FOS	1	S
1.pol.p.K908Q	FOS	1	S
1.pol.p.K908Q	GCV	1	S
1.pol.p.K908R	ACV	1	S
1.pol.p.K90R	ACV	1	S
1.pol.p.K90R	FOS	1	S
1.pol.p.K949T	ACV	1	S
1.pol.p.K949T	FOS	1	S
1.pol.p.K960R	ACV	1	S
1.pol.p.K960R	BVDU	1	S
1.pol.p.K960R	CDV	1	R
1.pol.p.K960R	FOS	1	S
1.pol.p.K960R	GCV	1	S
1.pol.p.L1007M	ACV	3	S
1.pol.p.L1007M	ADV	1	S
1.pol.p.L1007M	BVDU	1	S
1.pol.p.L1007M	CDV	3	?
1.pol.p.L1007M	FOS	3	S
1.pol.p.L1007M	GCV	1	S
1.pol.p.L1166W	ACV	1	S
1.pol.p.L1166W	BVDU	1	S
1.pol.p.L1166W	CDV	1	S
1.pol.p.L1166W	FOS	1	S
1.pol.p.L1166W	PCV	1	S
1.pol.p.L1188F	FOS	1	S
1.pol.p.L1234I	ACV	1	S
1.pol.p.L1234I	FOS	1	S
1.pol.p.L216I	ACV	1	S
1.pol.p.L216I	FOS	1	S
1.pol.p.L216I	GCV	1	S
1.pol.p.L267M	ACV	3	S
1.pol.p.L267M	FOS	2	S
1.pol.p.L279R	CDV	1	S
1.pol.p.L279R	FOS	1	R*
1.pol.p.L359I	ACV	1	S
1.pol.p.L359I	FOS	2	S
1.pol.p.L398F	ACV	1	S
1.pol.p.L398F	FOS	1	S
1.pol.p.L406M	ACV	1	S
1.pol.p.L406M	FOS	1	S
1.pol.p.L448V	FOS	1	S
1.pol.p.L479M	ACV	1	S
1.pol.p.L479M	FOS	1	S
1.pol.p.L49I	ACV	1	S
1.pol.p.L49I	CDV	1	S
1.pol.p.L49I	FOS	2	S
1.pol.p.L583V	ACV	1	R
1.pol.p.L636M	CDV	1	S
1.pol.p.L702H	ACV	1	R
1.pol.p.L702H	BVDU	1	S
1.pol.p.L702H	CDV	1	S
1.pol.p.L702H	FOS	1	R
1.pol.p.L702H	GCV	1	S
1.pol.p.L702H	PCV	1	S
1.pol.p.L702I	ACV	2	?
1.pol.p.L702I	CDV	1	S
1.pol.p.L702I	FOS	2	R
1.pol.p.L702I	GCV	2	S
1.pol.p.L702I	PCV	1	S
1.pol.p.L753M	ACV	1	S
1.pol.p.L753M	FOS	1	S
1.pol.p.L778M	ACV	3	?
1.pol.p.L778M	BVDU	1	H
1.pol.p.L778M	CDV	3	S
1.pol.p.L778M	FOS	3	R
1.pol.p.L778M	GCV	2	S
1.pol.p.L778M	PCV	2	?
1.pol.p.L782I	ACV	1	R
1.pol.p.L782I	CDV	1	S
1.pol.p.L782I	FOS	1	R*
1.pol.p.L802F	ACV	3	?
1.pol.p.L802F	BVDU	3	S
1.pol.p.L802F	CDV	4	?
1.pol.p.L802F	FOS	3	R
1.pol.p.L802F	GCV	3	S
1.pol.p.L802F	PCV	1	S
1.pol.p.L846I	ACV	1	S
1.pol.p.L846I	CDV	1	S
1.pol.p.L846I	FOS	1	S
1.pol.p.M1226I	ACV	2	S
1.pol.p.M1226I	CDV	1	S
1.pol.p.M1226I	FOS	3	S
1.pol.p.M207I	ACV	1	S
1.pol.p.M207I	FOS	1	S
1.pol.p.M356I	ACV	1	S
1.pol.p.M356I	FOS	2	S
1.pol.p.M872V	ACV	1	S
1.pol.p.M872V	FOS	2	S
1.pol.p.N155T	ACV	1	S
1.pol.p.N155T	FOS	1	S
1.pol.p.N425T	ACV	3	S
1.pol.p.N425T	BVDU	1	S
1.pol.p.N425T	CDV	1	S
1.pol.p.N425T	FOS	2	S
1.pol.p.N425T	GCV	1	S
1.pol.p.N425T	PCV	1	S
1.pol.p.N494S	ACV	1	S
1.pol.p.N494S	CDV	1	H
1.pol.p.N494S	FOS	1	R*
1.pol.p.N494S	GCV	1	H
1.pol.p.N494S	PCV	1	S
1.pol.p.N522S	ACV	2	S
1.pol.p.N711K	ACV	1	S
1.pol.p.N711K	FOS	1	S
1.pol.p.N815S	ACV	4	R
1.pol.p.N815S	BVDU	4	S
1.pol.p.N815S	CDV	4	S
1.pol.p.N815S	FOS	4	H*
1.pol.p.N815S	GCV	3	?
1.pol.p.N815S	PCV	3	R
1.pol.p.N961K	ACV	2	R
1.pol.p.N961K	CDV	1	S
1.pol.p.N961K	FOS	1	S
1.pol.p.P1101L	ACV	1	S
1.pol.p.P1101L	FOS	1	S
1.pol.p.P1114A	ACV	1	S
1.pol.p.P1114A	FOS	1	S
1.pol.p.P1114H	FOS	1	S
1.pol.p.P1114L	ACV	1	S
1.pol.p.P1114L	FOS	1	S
1.pol.p.P1124H	ACV	10	S
1.pol.p.P1124H	BVDU	3	S
1.pol.p.P1124H	CDV	4	S
1.pol.p.P1124H	FOS	9	S
1.pol.p.P1124H	GCV	3	S
1.pol.p.P1124H	PCV	3	S
1.pol.p.P1124S	ACV	1	S
1.pol.p.P1124S	FOS	1	S
1.pol.p.P1128L	ACV	1	S
1.pol.p.P1128L	FOS	1	S
1.pol.p.P1199L	ACV	1	S
1.pol.p.P1199L	FOS	1	S
1.pol.p.P1199Q	ACV	2	S
1.pol.p.P1199Q	CDV	1	S
1.pol.p.P1199Q	FOS	4	S
1.pol.p.P137G	ACV	1	S
1.pol.p.P137G	FOS	1	S
1.pol.p.P137Q	ACV	1	S
1.pol.p.P137Q	FOS	1	S
1.pol.p.P29H	ACV	1	S
1.pol.p.P29H	FOS	1	S
1.pol.p.P320S	ACV	1	S
1.pol.p.P320S	FOS	1	S
1.pol.p.P561S	ACV	1	S
1.pol.p.P561S	CDV	1	S
1.pol.p.P561S	FOS	1	S
1.pol.p.P61S	ACV	1	S
1.pol.p.P61S	FOS	1	S
1.pol.p.P664T	ACV	1	S
1.pol.p.P664T	FOS	1	S
1.pol.p.P797T	ACV	1	R
1.pol.p.P829S	ACV	1	S
1.pol.p.P829S	CDV	1	S
1.pol.p.P829S	FOS	2	S
1.pol.p.P875S	ACV	2	S
1.pol.p.P875S	FOS	2	S
1.pol.p.P920F	ACV	1	S
1.pol.p.P920F	FOS	1	S
1.pol.p.P920S	ACV	9	S
1.pol.p.P920S	ADV	1	?
1.pol.p.P920S	BVDU	1	S
1.pol.p.P920S	CDV	4	S
1.pol.p.P920S	FOS	12	S
1.pol.p.P920S	GCV	2	S
1.pol.p.P920S	PCV	1	S
1.pol.p.Q1029R	FOS	1	S
1.pol.p.Q1079K	FOS	1	S
1.pol.p.Q42K	ACV	1	S
1.pol.p.Q42K	FOS	1	S
1.pol.p.Q510H	CDV	1	S
1.pol.p.Q510H	FOS	1	S
1.pol.p.Q570R	ACV	1	?
1.pol.p.Q570R	FOS	1	S
1.pol.p.Q618H	ACV	2	R
1.pol.p.Q618H	BVDU	2	S
1.pol.p.Q618H	CDV	2	S
1.pol.p.Q618H	FOS	2	S
1.pol.p.Q618H	GCV	2	S
1.pol.p.Q618H	PCV	1	R
1.pol.p.Q63H	ACV	1	S
1.pol.p.Q63H	FOS	1	S
1.pol.p.Q727R	ACV	1	R
1.pol.p.Q727R	BVDU	1	S
1.pol.p.Q727R	CDV	1	R
1.pol.p.Q727R	FOS	2	R
1.pol.p.Q727R	GCV	1	R
1.pol.p.Q727R	PCV	1	R
1.pol.p.Q794H	ACV	1	S
1.pol.p.Q794H	FOS	1	S
1.pol.p.Q861R	ACV	1	S
1.pol.p.Q861R	FOS	1	S
1.pol.p.R1019G	ACV	1	S
1.pol.p.R1019G	FOS	2	S
1.pol.p.R1117L	ACV	1	S
1.pol.p.R1117L	FOS	1	S
1.pol.p.R112H	ACV	1	S
1.pol.p.R112H	FOS	1	S
1.pol.p.R116H	ACV	1	S
1.pol.p.R116H	FOS	1	S
1.pol.p.R1229I	ACV	1	S
1.pol.p.R1229I	CDV	1	S
1.pol.p.R1229I	FOS	3	S
1.pol.p.R227H	ACV	1	S
1.pol.p.R227H	FOS	1	S
1.pol.p.R264C	ACV	1	S
1.pol.p.R264C	BVDU	1	S
1.pol.p.R264C	CDV	1	S
1.pol.p.R264C	FOS	1	S
1.pol.p.R264C	GCV	1	S
1.pol.p.R264C	PCV	1	S
1.pol.p.R264H	ACV	1	S
1.pol.p.R264H	FOS	1	S
1.pol.p.R274Q	ACV	1	S
1.pol.p.R274Q	FOS	1	S
1.pol.p.R30C	ACV	1	S
1.pol.p.R30C	FOS	1	S
1.pol.p.R30S	ACV	1	S
1.pol.p.R30S	FOS	1	S
1.pol.p.R322Q	ACV	1	S
1.pol.p.R322Q	FOS	1	S
1.pol.p.R330A	ACV	2	S
1.pol.p.R330A	BVDU	1	S
1.pol.p.R330A	CDV	1	S
1.pol.p.R330A	FOS	1	S
1.pol.p.R330A	PCV	1	S
1.pol.p.R604W	ACV	2	?
1.pol.p.R604W	FOS	2	?
1.pol.p.R674H	ACV	1	S
1.pol.p.R674H	FOS	1	S
1.pol.p.R681L	ACV	1	S
1.pol.p.R681L	FOS	1	S
1.pol.p.R700G	ACV	3	R
1.pol.p.R700G	FOS	3	?
1.pol.p.R700G	GCV	1	S
1.pol.p.R700G	PCV	1	S
1.pol.p.R700K	ACV	1	S
1.pol.p.R700K	BVDU	1	S
1.pol.p.R700K	CDV	1	S
1.pol.p.R700K	FOS	1	S
1.pol.p.R700K	GCV	1	S
1.pol.p.R700K	PCV	1	S
1.pol.p.R700M	ACV	3	S
1.pol.p.R700M	ADV	1	S
1.pol.p.R700M	BVDU	1	S
1.pol.p.R700M	CDV	3	R
1.pol.p.R700M	FOS	3	H*
1.pol.p.R700M	GCV	1	S
1.pol.p.R739S	ACV	1	S
1.pol.p.R739S	FOS	1	S
1.pol.p.R760Q	ACV	1	S
1.pol.p.R80L	ACV	1	S
1.pol.p.R80L	FOS	1	S
1.pol.p.R842S	ACV	2	?
1.pol.p.R842S	FOS	2	R
1.pol.p.R842S	PCV	1	S
1.pol.p.R873C	ACV	1	S
1.pol.p.R873C	FOS	1	S
1.pol.p.R959H	ACV	3	?
1.pol.p.R959H	BVDU	2	S
1.pol.p.R959H	CDV	3	H*
1.pol.p.R959H	FOS	3	R
1.pol.p.R959H	GCV	3	H*
1.pol.p.R959H	PCV	2	?
1.pol.p.R993C	ACV	1	S
1.pol.p.S1067F	ACV	1	S
1.pol.p.S1067F	CDV	1	R
1.pol.p.S1067F	FOS	1	S
1.pol.p.S1067F	GCV	1	S
1.pol.p.S1113C	ACV	2	S
1.pol.p.S1113C	BVDU	1	S
1.pol.p.S1113C	CDV	1	S
1.pol.p.S1113C	FOS	2	S
1.pol.p.S1113C	GCV	1	S
1.pol.p.S1113C	PCV	1	S
1.pol.p.S1123A	ACV	1	S
1.pol.p.S1123A	FOS	1	S
1.pol.p.S1123L	ACV	3	S
1.pol.p.S1123L	BVDU	1	S
1.pol.p.S1123L	CDV	1	S
1.pol.p.S1123L	FOS	3	S
1.pol.p.S1123L	GCV	1	S
1.pol.p.S1123L	PCV	1	S
1.pol.p.S127L	ACV	1	S
1.pol.p.S127L	FOS	1	S
1.pol.p.S15A	ACV	1	S
1.pol.p.S15A	FOS	1	S
1.pol.p.S280A	ACV	1	S
1.pol.p.S280A	FOS	1	S
1.pol.p.S33G	ACV	11	S
1.pol.p.S33G	BVDU	4	S
1.pol.p.S33G	CDV	5	S
1.pol.p.S33G	FOS	11	S
1.pol.p.S33G	GCV	4	S
1.pol.p.S33G	PCV	4	S
1.pol.p.S33N	FOS	1	S
1.pol.p.S33R	ACV	1	S
1.pol.p.S33R	FOS	1	S
1.pol.p.S3A	ACV	1	S
1.pol.p.S3A	FOS	1	S
1.pol.p.S507R	ACV	1	S
1.pol.p.S507R	FOS	1	S
1.pol.p.S599L	ACV	1	?
1.pol.p.S599L	FOS	1	R
1.pol.p.S724N	ACV	12	R
1.pol.p.S724N	ADV	2	R
1.pol.p.S724N	BVDU	3	S
1.pol.p.S724N	CDV	8	?
1.pol.p.S724N	FOS	10	R
1.pol.p.S724N	GCV	4	S
1.pol.p.S724N	PCV	4	R
1.pol.p.S775N	ACV	1	R
1.pol.p.S775N	FOS	1	S
1.pol.p.S911N	ACV	1	S
1.pol.p.S911N	CDV	1	S
1.pol.p.S911N	FOS	2	S
1.pol.p.S914L	CDV	1	S
1.pol.p.S914L	FOS	1	S
1.pol.p.SRA914-916LCV	ACV	1	R
1.pol.p.SRA914-916LCV	BVDU	1	S
1.pol.p.SRA914-916LCV	CDV	1	S
1.pol.p.SRA914-916LCV	FOS	1	S
1.pol.p.SRA914-916LCV	GCV	1	S
1.pol.p.SRA914-916LCV	PCV	1	S
1.pol.p.T1022A	ACV	1	S
1.pol.p.T1022A	FOS	1	S
1.pol.p.T1086M	ACV	1	S
1.pol.p.T1086M	FOS	1	S
1.pol.p.T1121M	ACV	3	S*
1.pol.p.T1121M	BVDU	1	S
1.pol.p.T1121M	CDV	1	S
1.pol.p.T1121M	FOS	3	S
1.pol.p.T1121M	PCV	1	?
1.pol.p.T1208A	ACV	11	S
1.pol.p.T1208A	BVDU	3	S
1.pol.p.T1208A	CDV	4	S
1.pol.p.T1208A	FOS	9	S
1.pol.p.T1208A	GCV	3	S
1.pol.p.T1208A	PCV	4	S
1.pol.p.T1219M	ACV	1	S
1.pol.p.T1219M	FOS	1	S
1.pol.p.T1223I	CDV	1	S
1.pol.p.T1223I	FOS	1	S
1.pol.p.T145A	ACV	1	S
1.pol.p.T145A	FOS	1	S
1.pol.p.T434M	ACV	1	S
1.pol.p.T434M	FOS	1	S
1.pol.p.T480M	ACV	1	S
1.pol.p.T480M	FOS	1	S
1.pol.p.T54A	ACV	1	S
1.pol.p.T566A	ACV	1	?
1.pol.p.T639I	ACV	3	S
1.pol.p.T639I	BVDU	1	S
1.pol.p.T639I	CDV	2	S
1.pol.p.T639I	FOS	2	S
1.pol.p.T639I	GCV	1	S
1.pol.p.T639I	PCV	2	S
1.pol.p.T705I	ACV	1	S
1.pol.p.T705I	CDV	1	S
1.pol.p.T705I	FOS	1	S
1.pol.p.T705I	GCV	1	S
1.pol.p.T705I	PCV	1	S
1.pol.p.T821M	ACV	4	R
1.pol.p.T821M	BVDU	2	S
1.pol.p.T821M	CDV	3	S
1.pol.p.T821M	FOS	3	?
1.pol.p.T821M	GCV	2	S
1.pol.p.T821M	PCV	1	R
1.pol.p.T839I	ACV	1	S
1.pol.p.T839I	CDV	1	S
1.pol.p.T839I	FOS	1	R
1.pol.p.T839I	GCV	1	H
1.pol.p.T839I	PCV	1	S
1.pol.p.T931A	FOS	1	S
1.pol.p.T931I	ACV	1	S
1.pol.p.T931I	FOS	1	S
1.pol.p.V1077L	ACV	1	S
1.pol.p.V1077L	FOS	1	S
1.pol.p.V117L	ACV	1	S
1.pol.p.V117L	FOS	1	S
1.pol.p.V144I	ACV	1	S
1.pol.p.V144I	FOS	1	S
1.pol.p.V146I	ACV	1	S
1.pol.p.V146I	FOS	1	S
1.pol.p.V156A	ACV	1	S
1.pol.p.V156A	FOS	1	S
1.pol.p.V212A	ACV	1	S
1.pol.p.V212A	FOS	1	S
1.pol.p.V273I	ACV	1	S
1.pol.p.V273I	FOS	1	S
1.pol.p.V278A	ACV	1	S
1.pol.p.V278A	GCV	1	S
1.pol.p.V297A	ACV	1	S
1.pol.p.V297A	FOS	1	S
1.pol.p.V383L	ACV	1	S
1.pol.p.V383L	FOS	1	S
1.pol.p.V498M	ACV	1	S
1.pol.p.V498M	FOS	1	S
1.pol.p.V501M	ACV	1	R*
1.pol.p.V501M	CDV	1	S
1.pol.p.V501M	FOS	1	R
1.pol.p.V501M	GCV	1	S
1.pol.p.V521M	ACV	1	S
1.pol.p.V521M	BVDU	1	S
1.pol.p.V521M	CDV	1	S
1.pol.p.V521M	FOS	1	S
1.pol.p.V521M	PCV	1	S
1.pol.p.V573M	ACV	3	S
1.pol.p.V573M	ADV	1	S
1.pol.p.V573M	BVDU	1	S
1.pol.p.V573M	CDV	3	?
1.pol.p.V573M	FOS	3	S
1.pol.p.V573M	GCV	1	S
1.pol.p.V714M	ACV	2	?
1.pol.p.V714M	BVDU	2	S
1.pol.p.V714M	CDV	2	S
1.pol.p.V714M	FOS	2	?
1.pol.p.V714M	GCV	2	S
1.pol.p.V714M	PCV	1	R
1.pol.p.V715G	ACV	2	R
1.pol.p.V715G	FOS	2	R
1.pol.p.V715M	ACV	2	R
1.pol.p.V715M	CDV	1	H
1.pol.p.V715M	FOS	2	S
1.pol.p.V715S	ACV	1	R
1.pol.p.V715S	FOS	1	R
1.pol.p.V743M	CDV	1	S
1.pol.p.V743M	FOS	1	S
1.pol.p.V812F	ACV	1	R*
1.pol.p.V812F	CDV	1	S
1.pol.p.V812F	FOS	1	R
1.pol.p.V812F	GCV	1	S
1.pol.p.V813M	ACV	1	R
1.pol.p.V813M	BVDU	1	R
1.pol.p.V817M	ACV	1	R
1.pol.p.V817M	BVDU	1	S
1.pol.p.V817M	CDV	1	S
1.pol.p.V817M	FOS	1	R
1.pol.p.V817M	GCV	1	H
1.pol.p.V817M	PCV	1	S
1.pol.p.V905M	ACV	14	S
1.pol.p.V905M	BVDU	3	S
1.pol.p.V905M	CDV	5	S
1.pol.p.V905M	FOS	13	S
1.pol.p.V905M	GCV	3	S
1.pol.p.V905M	PCV	4	S
1.pol.p.V958L	ACV	1	R
1.pol.p.V958L	CDV	1	S
1.pol.p.V958L	FOS	1	R
1.pol.p.V958L	GCV	1	S
1.pol.p.V958L	PCV	1	R
1.pol.p.W1196H	ACV	1	S
1.pol.p.W1196H	FOS	1	S
1.pol.p.W998L	ACV	1	S
1.pol.p.W998L	BVDU	1	S
1.pol.p.W998L	CDV	1	R
1.pol.p.W998L	FOS	1	S
1.pol.p.W998L	GCV	1	S
1.pol.p.Y577H	ACV	1	S
1.pol.p.Y577H	CDV	1	S
1.pol.p.Y577H	FOS	1	S
1.pol.p.Y818C	ACV	1	R
1.pol.p.Y818C	BVDU	1	S
1.pol.p.Y818C	CDV	1	R*
1.pol.p.Y818C	FOS	1	R
1.pol.p.Y818C	GCV	1	S
1.pol.p.Y818C	PCV	1	R
1.pol.p.Y941H	ACV	2	R
1.pol.p.Y941H	CDV	1	H
1.pol.p.Y941H	FOS	2	?
1.pol.p.Y946F	ACV	1	S
1.pol.p.Y946F	FOS	1	S
2.TK.c.116_132del	ACV	1	R
2.TK.c.183del	ACV	1	R
2.TK.c.183del	GCV	1	R
2.TK.c.217del	ACV	1	R
2.TK.c.222del	ACV	1	R
2.TK.c.280del	ACV	1	R
2.TK.c.364_1131del	ACV	1	R
2.TK.c.436insG	ACV	1	R
2.TK.c.439del	ACV	4	R
2.TK.c.439del	BVDU	1	R
2.TK.c.439insG	ACV	6	R
2.TK.c.452del	ACV	1	R
2.TK.c.467del	ACV	1	R
2.TK.c.521del	ACV	1	R
2.TK.c.556del	ACV	3	R
2.TK.c.556insC	ACV	2	R
2.TK.c.590del	ACV	1	R
2.TK.c.590insC	ACV	1	R
2.TK.c.627insT	ACV	1	R
2.TK.c.651-654del	ACV	1	R
2.TK.c.782del	ACV	1	R
2.TK.c.782del	GCV	1	R
2.TK.c.812del	ACV	1	R
2.TK.c.814-826del	ACV	1	R
2.TK.c.821-833del	ACV	1	R
2.TK.c.927del	ACV	1	R
2.TK.p.A119T	ACV	1	S
2.TK.p.A125T	ACV	1	?
2.TK.p.A135P	ACV	1	S
2.TK.p.A157T	ACV	3	S
2.TK.p.A157T	PCV	1	S
2.TK.p.A190V	ACV	1	R
2.TK.p.A19V	ACV	2	S
2.TK.p.A215T	ACV	3	S
2.TK.p.A27T	ACV	4	S
2.TK.p.A72S	ACV	2	?
2.TK.p.A94V	ACV	1	R
2.TK.p.C337Y	ACV	3	R
2.TK.p.D137E	ACV	1	S
2.TK.p.D671N	ACV	1	S
2.TK.p.E226K	ACV	1	R
2.TK.p.E96D	ACV	1	S
2.TK.p.F290C	ACV	1	?
2.TK.p.G150D	ACV	2	S
2.TK.p.G150D	PCV	1	S
2.TK.p.G201D	ACV	1	R
2.TK.p.G25A	ACV	2	S*
2.TK.p.G25A	PCV	1	S
2.TK.p.G39E	ACV	10	S*
2.TK.p.G39E	PCV	2	S
2.TK.p.G39K	ACV	1	S
2.TK.p.G59P	ACV	2	?
2.TK.p.G61W	ACV	1	R
2.TK.p.I101S	ACV	1	?
2.TK.p.L140F	ACV	9	S*
2.TK.p.L158P	ACV	1	R
2.TK.p.L263P	ACV	1	S
2.TK.p.L341P	ACV	1	?
2.TK.p.L342W	ACV	2	S
2.TK.p.L342W	PCV	1	S
2.TK.p.M1213T	ACV	1	S
2.TK.p.M129I	ACV	1	?
2.TK.p.M183I	ACV	2	R
2.TK.p.M70R	ACV	2	S*
2.TK.p.N100H	ACV	1	?
2.TK.p.N245S	ACV	1	S
2.TK.p.N78D	ACV	8	S*
2.TK.p.P322R	ACV	1	?
2.TK.p.P75S	ACV	1	S
2.TK.p.P85S	ACV	1	?
2.TK.p.Q105P	ACV	1	R
2.TK.p.Q105P	GCV	1	R
2.TK.p.Q222*	ACV	1	R
2.TK.p.Q251R	ACV	1	S
2.TK.p.R177W	ACV	2	R
2.TK.p.R18C	ACV	1	S
2.TK.p.R217H	ACV	1	?
2.TK.p.R220K	ACV	4	S*
2.TK.p.R220T	ACV	1	S
2.TK.p.R221C	ACV	1	R
2.TK.p.R221H	ACV	2	R
2.TK.p.R221H	PCV	1	R
2.TK.p.R223H	ACV	1	R
2.TK.p.R248W	ACV	2	S
2.TK.p.R248W	PCV	1	S
2.TK.p.R26H	ACV	2	S
2.TK.p.R284S	ACV	2	S
2.TK.p.R34C	ACV	1	?
2.TK.p.R51W	ACV	1	R
2.TK.p.R76H	ACV	1	S
2.TK.p.RPD272-274VSR	ACV	2	R
2.TK.p.S169P	ACV	1	?
2.TK.p.S182N	ACV	1	R
2.TK.p.S29A	ACV	3	S
2.TK.p.S66P	ACV	2	?
2.TK.p.T131M	ACV	2	S
2.TK.p.T131M	PCV	1	S
2.TK.p.T131P	ACV	2	R
2.TK.p.T159I	ACV	2	S
2.TK.p.T288M	ACV	2	R
2.TK.p.V192M	ACV	1	?
2.TK.p.Y133F	ACV	2	?
2.TK.p.Y133F	PCV	2	?
2.TK.p.Y53N	ACV	2	R
2.TK.p.Y53N	PCV	1	R
2.UL5.p.A167V	AMN	1	S
2.UL5.p.A167V	PRI	1	S
2.UL5.p.A739T	AMN	1	S
2.UL5.p.A739T	PRI	2	S
2.UL5.p.D513N	PRI	1	S
2.UL5.p.E53K	AMN	1	S
2.UL5.p.E53K	PRI	2	S
2.UL5.p.H334R	PRI	1	S
2.UL5.p.I763V	AMN	1	S
2.UL5.p.I763V	PRI	2	S
2.UL5.p.K355N	AMN	4	R
2.UL5.p.L281R	AMN	1	S
2.UL5.p.L281R	PRI	1	S
2.UL5.p.L668M	AMN	1	S
2.UL5.p.L668M	PRI	1	S
2.UL5.p.M728L	AMN	1	S
2.UL5.p.M728L	PRI	1	S
2.UL5.p.N876D	AMN	1	S
2.UL5.p.N876D	PRI	1	S
2.UL5.p.R415H	AMN	1	S
2.UL5.p.R415H	PRI	2	S
2.UL5.p.S458G	PRI	1	S
2.UL5.p.S605P	PRI	1	S
2.UL5.p.S689T	PRI	1	S
2.UL5.p.Y573H	PRI	1	S
2.UL52.p.714insD	PRI	1	S
2.UL52.p.A218G	PRI	1	S
2.UL52.p.A21V	PRI	1	S
2.UL52.p.A578V	PRI	1	S
2.UL52.p.A868T	AMN	1	S
2.UL52.p.A868T	PRI	1	S
2.UL52.p.A960T	AMN	1	S
2.UL52.p.A960T	PRI	1	S
2.UL52.p.D58N	PRI	1	S
2.UL52.p.D704G	PRI	1	S
2.UL52.p.D928Y	AMN	1	S
2.UL52.p.D928Y	PRI	1	S
2.UL52.p.E101K	PRI	1	S
2.UL52.p.E469D	PRI	1	S
2.UL52.p.E9G	PRI	1	S
2.UL52.p.G312R	PRI	1	S
2.UL52.p.G334S	PRI	2	S
2.UL52.p.G430A	PRI	2	S
2.UL52.p.G838S	AMN	1	S
2.UL52.p.G838S	PRI	1	S
2.UL52.p.I176V	PRI	1	S
2.UL52.p.L600P	PRI	1	S
2.UL52.p.L743P	AMN	1	S
2.UL52.p.L743P	PRI	1	S
2.UL52.p.P714D	PRI	1	S
2.UL52.p.P832L	AMN	1	S
2.UL52.p.P832L	PRI	1	S
2.UL52.p.R119H	PRI	1	S
2.UL52.p.R331H	PRI	1	S
2.UL52.p.R414S	PRI	1	S
2.UL52.p.R440C	PRI	1	S
2.UL52.p.R969S	AMN	1	S
2.UL52.p.R969S	PRI	1	S
2.UL52.p.S1065C	AMN	1	S
2.UL52.p.S1065C	PRI	1	S
2.UL52.p.S459P	PRI	1	S
2.UL52.p.S57P	PRI	1	S
2.UL52.p.S697L	PRI	1	S
2.UL52.p.T25A	PRI	1	S
2.UL52.p.T495S	PRI	2	S
2.UL52.p.T518A	PRI	1	S
2.UL52.p.V144I	PRI	1	S
2.pol.p.1105-1110del	ACV	1	S
2.pol.p.1105-1110del	FOS	1	S
2.pol.p.1106-1111del	ACV	1	S
2.pol.p.1106-1111del	FOS	1	S
2.pol.p.1112insAPGDEPA	ACV	1	S
2.pol.p.1112insAPGDEPA	FOS	1	S
2.pol.p.650insA	FOS	1	S
2.pol.p.676-677del	ACV	1	S
2.pol.p.676-677del	FOS	1	S
2.pol.p.676-679del	ACV	1	S
2.pol.p.676-679del	FOS	1	S
2.pol.p.677-679del	ACV	1	S
2.pol.p.677-679del	FOS	1	S
2.pol.p.680-683del	ACV	1	S
2.pol.p.680-683del	FOS	1	S
2.pol.p.682-3del	ACV	1	S
2.pol.p.682-3del	FOS	1	S
2.pol.p.683-686del	ACV	1	S
2.pol.p.683-686del	FOS	1	S
2.pol.p.684insED	ACV	1	S
2.pol.p.684insED	FOS	1	S
2.pol.p.685insEDGD	ACV	1	S
2.pol.p.685insEDGD	FOS	1	S
2.pol.p.686insDGDE	ACV	1	S
2.pol.p.686insDGDE	FOS	1	S
2.pol.p.686insGD	ACV	1	S
2.pol.p.686insGD	FOS	1	S
2.pol.p.A1000T	ACV	1	S
2.pol.p.A1000T	FOS	1	S
2.pol.p.A1083T	ACV	1	S
2.pol.p.A1083T	FOS	1	S
2.pol.p.A1114V	ACV	1	S
2.pol.p.A1114V	FOS	1	S
2.pol.p.A1156T	FOS	1	S
2.pol.p.A1209V	ACV	1	S
2.pol.p.A1209V	FOS	1	S
2.pol.p.A1223V	ACV	1	S
2.pol.p.A1223V	FOS	1	S
2.pol.p.A232T	ACV	4	S
2.pol.p.A232T	CDV	1	S
2.pol.p.A232T	FOS	4	S
2.pol.p.A232T	PCV	1	S
2.pol.p.A251V	FOS	1	S
2.pol.p.A300T	ACV	1	S
2.pol.p.A300T	FOS	1	S
2.pol.p.A36G	ACV	1	S
2.pol.p.A36G	FOS	1	S
2.pol.p.A547V	ACV	1	S
2.pol.p.A547V	FOS	1	S
2.pol.p.A606V	ACV	1	R
2.pol.p.A606V	CDV	1	S
2.pol.p.A606V	FOS	1	R
2.pol.p.A606V	GCV	1	S
2.pol.p.A606V	PCV	1	R
2.pol.p.A724T	ACV	1	S
2.pol.p.A724T	ADV	1	R
2.pol.p.A724T	CDV	1	S
2.pol.p.A724T	FOS	1	R
2.pol.p.A724V	ACV	2	R
2.pol.p.A724V	CDV	1	S
2.pol.p.A724V	FOS	2	R
2.pol.p.A724V	GCV	1	S
2.pol.p.A724V	PCV	1	S
2.pol.p.A869D	ACV	1	S
2.pol.p.A869D	FOS	1	S
2.pol.p.A879V	ACV	1	S
2.pol.p.A879V	FOS	1	S
2.pol.p.A904G	ACV	1	S
2.pol.p.A905E	ACV	1	S
2.pol.p.A915V	ACV	1	?
2.pol.p.A915V	FOS	1	S
2.pol.p.A9T	ACV	6	S
2.pol.p.A9T	CDV	1	S
2.pol.p.A9T	FOS	6	S
2.pol.p.A9T	PCV	1	S
2.pol.p.C226S	ACV	1	S
2.pol.p.C226S	FOS	1	S
2.pol.p.C40W	ACV	1	S
2.pol.p.C40W	FOS	1	S
2.pol.p.C625R	ACV	1	R
2.pol.p.C625R	CDV	1	S
2.pol.p.C625R	FOS	1	R
2.pol.p.C625R	GCV	1	S
2.pol.p.C625R	PCV	1	R
2.pol.p.D258N	ACV	1	S
2.pol.p.D258N	FOS	1	S
2.pol.p.D307N	ACV	1	R
2.pol.p.D307N	FOS	1	S
2.pol.p.D671N	ACV	1	S
2.pol.p.D671N	FOS	2	S
2.pol.p.D676G	ACV	3	S
2.pol.p.D676G	FOS	3	S
2.pol.p.D676N	ACV	1	S
2.pol.p.D676N	FOS	1	S
2.pol.p.D708N	ACV	1	S
2.pol.p.D708N	FOS	1	S
2.pol.p.D716N	ACV	1	S
2.pol.p.D785N	ACV	1	S
2.pol.p.D785N	ADV	1	R*
2.pol.p.D785N	CDV	1	S
2.pol.p.D785N	FOS	1	R*
2.pol.p.D912N	ACV	1	?
2.pol.p.D912V	ADV	1	R
2.pol.p.D912V	CDV	1	S
2.pol.p.D912V	FOS	1	R
2.pol.p.E1149G	ACV	1	S
2.pol.p.E1149G	FOS	1	S
2.pol.p.E139K	ACV	6	S
2.pol.p.E139K	CDV	1	S
2.pol.p.E139K	FOS	4	S
2.pol.p.E139K	PCV	1	S
2.pol.p.E250Q	ACV	1	R
2.pol.p.E250Q	FOS	1	S
2.pol.p.E678G	ACV	4	?
2.pol.p.E678G	FOS	4	S
2.pol.p.E678Q	ACV	1	S
2.pol.p.E682G	ACV	1	S
2.pol.p.E682G	FOS	1	S
2.pol.p.E682K	ACV	1	S
2.pol.p.E682K	FOS	1	S
2.pol.p.F336L	FOS	1	S
2.pol.p.F923L	ACV	1	R
2.pol.p.F923L	CDV	1	S
2.pol.p.F923L	FOS	1	R
2.pol.p.F923L	GCV	1	S
2.pol.p.F923L	PCV	1	R
2.pol.p.G12R	ACV	1	S
2.pol.p.G12R	FOS	1	S
2.pol.p.G324E	ACV	1	S
2.pol.p.G324E	FOS	1	S
2.pol.p.G506D	FOS	1	S
2.pol.p.G646S	FOS	1	S
2.pol.p.G680R	ACV	1	S
2.pol.p.G680R	FOS	1	S
2.pol.p.G906A	ACV	1	S
2.pol.p.H49Y	ACV	1	S
2.pol.p.H49Y	FOS	1	S
2.pol.p.H837R	ACV	1	S
2.pol.p.H837R	FOS	1	S
2.pol.p.I1026S	ACV	1	S
2.pol.p.I1026S	CDV	1	S
2.pol.p.I1026S	FOS	1	S
2.pol.p.I1026S	PCV	1	S
2.pol.p.I291V	ACV	1	S
2.pol.p.I291V	FOS	1	S
2.pol.p.I731F	ACV	1	R
2.pol.p.I731F	CDV	1	R*
2.pol.p.I731F	FOS	1	R
2.pol.p.I731F	GCV	1	S
2.pol.p.I731F	PCV	1	S
2.pol.p.I927T	FOS	1	S
2.pol.p.K485N	ACV	1	?
2.pol.p.K485N	FOS	1	S
2.pol.p.K533E	ACV	1	R
2.pol.p.K533E	CDV	1	S
2.pol.p.K533E	FOS	1	R
2.pol.p.K533E	GCV	1	S
2.pol.p.K533E	PCV	1	R
2.pol.p.K550Q	ACV	1	S
2.pol.p.K550Q	FOS	1	S
2.pol.p.K592E	ACV	1	?
2.pol.p.K592E	FOS	2	?
2.pol.p.K913M	ACV	2	S
2.pol.p.K913M	FOS	2	S
2.pol.p.L128S	FOS	1	S
2.pol.p.L60P	ACV	5	S
2.pol.p.L60P	FOS	5	S
2.pol.p.L783M	ACV	1	S
2.pol.p.L783M	ADV	1	R
2.pol.p.L783M	CDV	1	?
2.pol.p.L783M	FOS	1	R
2.pol.p.L850I	ACV	1	S
2.pol.p.L850I	ADV	1	S
2.pol.p.L850I	CDV	1	S
2.pol.p.L850I	FOS	1	R
2.pol.p.L995F	ACV	1	S
2.pol.p.L995F	CDV	1	S
2.pol.p.L995F	FOS	1	S
2.pol.p.L995F	PCV	1	S
2.pol.p.M1213T	FOS	1	S
2.pol.p.M789K	ACV	1	R
2.pol.p.M789K	CDV	1	S
2.pol.p.M789K	FOS	1	R
2.pol.p.M789K	GCV	1	S
2.pol.p.M789K	PCV	1	R
2.pol.p.M789T	ACV	1	R
2.pol.p.M789T	CDV	1	S
2.pol.p.M789T	FOS	1	R
2.pol.p.M789T	GCV	1	S
2.pol.p.M789T	PCV	1	R
2.pol.p.M910I	ACV	1	S
2.pol.p.M910I	FOS	1	S
2.pol.p.M910T	ACV	1	R
2.pol.p.M910T	FOS	1	S
2.pol.p.N286Y	ACV	1	S
2.pol.p.N286Y	CDV	1	S
2.pol.p.N286Y	FOS	1	S
2.pol.p.N286Y	PCV	1	S
2.pol.p.N820S	ACV	1	R
2.pol.p.N820S	CDV	1	S
2.pol.p.N820S	FOS	1	H
2.pol.p.N820S	GCV	1	R
2.pol.p.N820S	PCV	1	R
2.pol.p.P15R	ACV	1	S
2.pol.p.P15R	CDV	1	S
2.pol.p.P15R	FOS	1	S
2.pol.p.P15R	PCV	1	S
2.pol.p.P15S	ACV	6	S
2.pol.p.P15S	CDV	1	S
2.pol.p.P15S	FOS	6	S
2.pol.p.P15S	PCV	1	S
2.pol.p.P37L	ACV	1	S
2.pol.p.P37L	FOS	1	S
2.pol.p.P798H	ACV	1	S
2.pol.p.P798H	FOS	1	S
2.pol.p.P880H	ACV	1	S
2.pol.p.P880H	CDV	1	S
2.pol.p.P880H	FOS	1	S
2.pol.p.P880H	PCV	1	S
2.pol.p.Q34H	ACV	1	S
2.pol.p.Q34H	CDV	1	S
2.pol.p.Q34H	FOS	1	S
2.pol.p.Q34H	PCV	1	S
2.pol.p.Q43R	ACV	1	S
2.pol.p.Q43R	FOS	1	S
2.pol.p.Q507H	ACV	1	S
2.pol.p.Q507H	FOS	1	S
2.pol.p.Q732R	ACV	2	R
2.pol.p.Q732R	CDV	1	S
2.pol.p.Q732R	FOS	2	R
2.pol.p.Q732R	GCV	1	S
2.pol.p.Q732R	PCV	1	R
2.pol.p.Q799R	ACV	1	S
2.pol.p.Q799R	FOS	1	S
2.pol.p.Q829R	ACV	1	R
2.pol.p.Q829R	FOS	1	S
2.pol.p.R101W	FOS	1	S
2.pol.p.R1025H	ACV	1	S
2.pol.p.R1025H	FOS	1	S
2.pol.p.R1230Q	ACV	1	S
2.pol.p.R1230Q	FOS	1	S
2.pol.p.R203Q	ACV	1	S
2.pol.p.R203Q	FOS	1	S
2.pol.p.R265H	FOS	1	S
2.pol.p.R41H	ACV	4	S
2.pol.p.R41H	CDV	1	S
2.pol.p.R41H	FOS	4	S
2.pol.p.R41H	PCV	1	S
2.pol.p.R628C	ACV	3	?
2.pol.p.R628C	CDV	1	S
2.pol.p.R628C	FOS	3	?
2.pol.p.R628C	GCV	1	S
2.pol.p.R628C	PCV	1	R*
2.pol.p.R645W	ACV	1	S
2.pol.p.R645W	FOS	1	S
2.pol.p.R847C	ACV	1	R
2.pol.p.R847C	CDV	1	S
2.pol.p.R847C	FOS	1	R
2.pol.p.R847C	GCV	1	S
2.pol.p.R847C	PCV	1	R
2.pol.p.R964H	ACV	1	R
2.pol.p.R964H	CDV	1	S
2.pol.p.R964H	FOS	1	R
2.pol.p.R964H	GCV	1	S
2.pol.p.R964H	PCV	1	S
2.pol.p.S1043N	FOS	1	S
2.pol.p.S725G	ACV	1	R
2.pol.p.S725G	CDV	1	S
2.pol.p.S725G	FOS	2	R
2.pol.p.S725G	GCV	1	S
2.pol.p.S725G	PCV	1	S
2.pol.p.S729N	ACV	2	?
2.pol.p.S729N	ADV	1	R
2.pol.p.S729N	CDV	2	S
2.pol.p.S729N	FOS	3	R
2.pol.p.S729N	GCV	1	S
2.pol.p.S729N	PCV	1	R
2.pol.p.T1200A	ACV	1	S
2.pol.p.T1200A	FOS	1	S
2.pol.p.T144P	FOS	1	S
2.pol.p.T202M	ACV	2	S
2.pol.p.T202M	FOS	2	S
2.pol.p.T53A	FOS	1	S
2.pol.p.T801P	ACV	4	S
2.pol.p.T801P	CDV	1	S
2.pol.p.T801P	FOS	3	S
2.pol.p.T801P	PCV	1	S
2.pol.p.T843A	FOS	1	S
2.pol.p.T844I	FOS	1	R
2.pol.p.T903M	ACV	1	S
2.pol.p.T903M	FOS	1	S
2.pol.p.T934A	ACV	2	R
2.pol.p.T934A	CDV	1	S
2.pol.p.T934A	FOS	2	R
2.pol.p.T934A	GCV	1	S
2.pol.p.T934A	PCV	1	R
2.pol.p.T987S	ACV	1	S
2.pol.p.T987S	FOS	1	S
2.pol.p.V818A	ACV	1	R
2.pol.p.V818A	CDV	1	S
2.pol.p.V818A	FOS	1	R
2.pol.p.V818A	GCV	1	S
2.pol.p.V818A	PCV	1	R
2.pol.p.Y823C	ACV	1	R
2.pol.p.Y823C	CDV	1	S
2.pol.p.Y823C	FOS	1	R
2.pol.p.Y823C	GCV	1	S
2.pol.p.Y823C	PCV	1	S
